Template,Building Type,Space Type,,Exterior Wall Standards Construction Type,Exterior Wall Building Category,Exterior Floor Standards Construction Type,Exterior Floor Building Category,Exterior Roof Standards Construction Type,Exterior Roof Building Category,Interior Walls,Interior Floors,Interior Ceilings,Ground Contact Wall Standards Construction Type,Ground Contact Wall Building Category,Ground Contact Floor Standards Construction Type,Ground Contact Floor Building Category,Ground Contact Ceiling Standards Construction Type,Ground Contact Ceiling Building Category,Exterior Fixed Window Standards Construction Type,Exterior Fixed Window Building Category,Exterior Operable Window Standards Construction Type,Exterior Operable Window Building Category,Exterior Door Standards Construction Type,Exterior Door Building Category,Exterior Glass Doors,Exterior Overhead Door Standards Construction Type,Exterior Overhead Door Building Category,Exterior Skylight Standards Construction Type,Exterior Skylight Building Category,Tubular Daylight Domes,Tubular Daylight Diffusers,Interior Fixed Windows,Interior Operable Windows,Interior Doors,Space Shading,Building Shading,Site Shading,Interior Partitions
189.1-2009,FullServiceRestaurant,,No,SteelFramed,Nonresidential,Mass,Nonresidential,Attic and Other,Nonresidential,Typical Interior Wall,Typical Interior Floor,Typical Interior Ceiling,Mass,Nonresidential,Unheated,Nonresidential,,Nonresidential,Metal framing (all other),Nonresidential,Metal framing (all other),Nonresidential,Swinging,Nonresidential,,NonSwinging,Nonresidential,Glass with Curb,Nonresidential,Typical Interior Window,Typical Interior Window,Typical Interior Window,Typical Interior Window,Typical Interior Door,,,,Typical Interior Partition
189.1-2009,Hospital,,No,Mass,Nonresidential,Mass,Nonresidential,IEAD,Nonresidential,Typical Interior Wall,Typical Interior Floor,Typical Interior Ceiling,Mass,Nonresidential,Unheated,Nonresidential,,Nonresidential,Metal framing (all other),Nonresidential,Metal framing (all other),Nonresidential,Swinging,Nonresidential,,NonSwinging,Nonresidential,Glass with Curb,Nonresidential,Typical Interior Window,Typical Interior Window,Typical Interior Window,Typical Interior Window,Typical Interior Door,,,,Typical Interior Partition
189.1-2009,Hospital,PatRoom,No,Mass,Residential,Mass,Residential,IEAD,Residential,Typical Interior Wall,Typical Interior Floor,Typical Interior Ceiling,Mass,Nonresidential,Unheated,Nonresidential,,Nonresidential,Metal framing (all other),Nonresidential,Metal framing (all other),Nonresidential,Swinging,Nonresidential,,NonSwinging,Nonresidential,Glass with Curb,Nonresidential,Typical Interior Window,Typical Interior Window,Typical Interior Window,Typical Interior Window,Typical Interior Door,,,,Typical Interior Partition
189.1-2009,LargeHotel,,No,Mass,Nonresidential,Mass,Nonresidential,IEAD,Nonresidential,Typical Interior Wall,Typical Interior Floor,Typical Interior Ceiling,Mass,Nonresidential,Unheated,Nonresidential,,Nonresidential,Metal framing (all other),Nonresidential,Metal framing (all other),Nonresidential,Swinging,Nonresidential,,NonSwinging,Nonresidential,Glass with Curb,Nonresidential,Typical Interior Window,Typical Interior Window,Typical Interior Window,Typical Interior Window,Typical Interior Door,,,,Typical Interior Partition
189.1-2009,LargeHotel,GuestRoom,No,Mass,Residential,Mass,Residential,IEAD,Residential,Typical Interior Wall,Typical Interior Floor,Typical Interior Ceiling,Mass,Nonresidential,Unheated,Nonresidential,,Nonresidential,Metal framing (all other),Nonresidential,Metal framing (all other),Nonresidential,Swinging,Nonresidential,,NonSwinging,Nonresidential,Glass with Curb,Nonresidential,Typical Interior Window,Typical Interior Window,Typical Interior Window,Typical Interior Window,Typical Interior Door,,,,Typical Interior Partition
90.1-2004,HighriseApartment,,No,SteelFramed,Residential,Mass,Residential,IEAD,Nonresidential,Typical Interior Wall,Typical Interior Floor,Typical Interior Ceiling,Mass,Nonresidential,Unheated,Nonresidential,,Nonresidential,Metal framing (all other),Nonresidential,Metal framing (all other),Nonresidential,Swinging,Nonresidential,,NonSwinging,Nonresidential,Glass with Curb,Nonresidential,Typical Interior Window,Typical Interior Window,Typical Interior Window,Typical Interior Window,Typical Interior Door,,,,Typical Interior Partition
DOE Ref Pre-1980,FullServiceRestaurant,,No,SteelFramed,Nonresidential,Mass,Nonresidential,IEAD,Nonresidential,Typical Interior Wall,Typical Interior Floor,Typical Interior Ceiling,Mass,Nonresidential,Unheated,Nonresidential,,Nonresidential,Metal framing (all other),Nonresidential,Metal framing (all other),Nonresidential,Swinging,Nonresidential,,NonSwinging,Nonresidential,,,Typical Interior Window,Typical Interior Window,Typical Interior Window,Typical Interior Window,Typical Interior Door,,,,Typical Interior Partition
DOE Ref 1980-2004,FullServiceRestaurant,,No,SteelFramed,Nonresidential,Mass,Nonresidential,Attic and Other,Nonresidential,Typical Interior Wall,Typical Interior Floor,Typical Interior Ceiling,Mass,Nonresidential,Unheated,Nonresidential,,Nonresidential,Metal framing (all other),Nonresidential,Metal framing (all other),Nonresidential,Swinging,Nonresidential,,NonSwinging,Nonresidential,,,Typical Interior Window,Typical Interior Window,Typical Interior Window,Typical Interior Window,Typical Interior Door,,,,Typical Interior Partition
DOE Ref Pre-1980,Hospital,,No,Mass,Nonresidential,Mass,Nonresidential,IEAD,Nonresidential,Typical Interior Wall,Typical Interior Floor,Typical Interior Ceiling,Mass,Nonresidential,Unheated,Nonresidential,,Nonresidential,Metal framing (all other),Nonresidential,Metal framing (all other),Nonresidential,Swinging,Nonresidential,,NonSwinging,Nonresidential,,,Typical Interior Window,Typical Interior Window,Typical Interior Window,Typical Interior Window,Typical Interior Door,,,,Typical Interior Partition
DOE Ref Pre-1980,Hospital,PatRoom,No,Mass,Nonresidential,Mass,Residential,IEAD,Residential,Typical Interior Wall,Typical Interior Floor,Typical Interior Ceiling,Mass,Nonresidential,Unheated,Nonresidential,,Nonresidential,Metal framing (all other),Nonresidential,Metal framing (all other),Nonresidential,Swinging,Nonresidential,,NonSwinging,Nonresidential,,,Typical Interior Window,Typical Interior Window,Typical Interior Window,Typical Interior Window,Typical Interior Door,,,,Typical Interior Partition
189.1-2009,Outpatient,,No,SteelFramed,Nonresidential,Mass,Nonresidential,IEAD,Nonresidential,Typical Interior Wall,Typical Interior Floor,Typical Interior Ceiling,Mass,Nonresidential,Unheated,Nonresidential,,Nonresidential,Metal framing (all other),Nonresidential,Metal framing (all other),Nonresidential,Swinging,Nonresidential,,NonSwinging,Nonresidential,Glass with Curb,Nonresidential,Typical Interior Window,Typical Interior Window,Typical Interior Window,Typical Interior Window,Typical Interior Door,,,,Typical Interior Partition
189.1-2009,PrimarySchool,,No,SteelFramed,Nonresidential,Mass,Nonresidential,IEAD,Nonresidential,Typical Interior Wall,Typical Interior Floor,Typical Interior Ceiling,Mass,Nonresidential,Unheated,Nonresidential,,Nonresidential,Metal framing (all other),Nonresidential,Metal framing (all other),Nonresidential,Swinging,Nonresidential,,NonSwinging,Nonresidential,Glass with Curb,Nonresidential,Typical Interior Window,Typical Interior Window,Typical Interior Window,Typical Interior Window,Typical Interior Door,,,,Typical Interior Partition
189.1-2009,QuickServiceRestaurant,,No,WoodFramed,Nonresidential,Mass,Nonresidential,Attic and Other,Nonresidential,Typical Interior Wall,Typical Interior Floor,Typical Interior Ceiling,Mass,Nonresidential,Unheated,Nonresidential,,Nonresidential,Metal framing (all other),Nonresidential,Metal framing (all other),Nonresidential,Swinging,Nonresidential,,NonSwinging,Nonresidential,Glass with Curb,Nonresidential,Typical Interior Window,Typical Interior Window,Typical Interior Window,Typical Interior Window,Typical Interior Door,,,,Typical Interior Partition
90.1-2004,LargeHotel,,No,Mass,Nonresidential,Mass,Nonresidential,IEAD,Nonresidential,LargeHotel Interior Wall,LargeHotel Interior Floor,LargeHotel Interior Ceiling,Mass,Nonresidential,Unheated,Nonresidential,,Nonresidential,Metal framing (all other),Nonresidential,Metal framing (all other),Nonresidential,Swinging,Nonresidential,,NonSwinging,Nonresidential,Glass with Curb,Nonresidential,Typical Interior Window,Typical Interior Window,Typical Interior Window,Typical Interior Window,Typical Interior Door,,,,Typical Interior Partition
189.1-2009,SecondarySchool,,No,SteelFramed,Nonresidential,Mass,Nonresidential,IEAD,Nonresidential,Typical Interior Wall,Typical Interior Floor,Typical Interior Ceiling,Mass,Nonresidential,Unheated,Nonresidential,,Nonresidential,Metal framing (all other),Nonresidential,Metal framing (all other),Nonresidential,Swinging,Nonresidential,,NonSwinging,Nonresidential,Glass with Curb,Nonresidential,Typical Interior Window,Typical Interior Window,Typical Interior Window,Typical Interior Window,Typical Interior Door,,,,Typical Interior Partition
189.1-2009,SmallHotel,,No,SteelFramed,Nonresidential,Mass,Nonresidential,IEAD,Nonresidential,Typical Interior Wall,Typical Interior Floor,Typical Interior Ceiling,Mass,Nonresidential,Unheated,Nonresidential,,Nonresidential,Metal framing (all other),Nonresidential,Metal framing (all other),Nonresidential,Swinging,Nonresidential,,NonSwinging,Nonresidential,Glass with Curb,Nonresidential,Typical Interior Window,Typical Interior Window,Typical Interior Window,Typical Interior Window,Typical Interior Door,,,,Typical Interior Partition
DOE Ref Pre-1980,MediumOffice,,No,SteelFramed,Nonresidential,Mass,Nonresidential,IEAD,Nonresidential,Typical Interior Wall,Typical Interior Floor,Typical Interior Ceiling,Mass,Nonresidential,Mass,Nonresidential,,Nonresidential,Metal framing (all other),Nonresidential,Metal framing (all other),Nonresidential,Swinging,Nonresidential,,NonSwinging,Nonresidential,,,Typical Interior Window,Typical Interior Window,Typical Interior Window,Typical Interior Window,Typical Interior Door,,,,Typical Interior Partition
189.1-2009,SuperMarket,,No,Mass,Nonresidential,Mass,Nonresidential,IEAD,Nonresidential,Typical Interior Wall,Typical Interior Floor,Typical Interior Ceiling,Mass,Nonresidential,Unheated,Nonresidential,,Nonresidential,Metal framing (all other),Nonresidential,Metal framing (all other),Nonresidential,Swinging,Nonresidential,,NonSwinging,Nonresidential,Glass with Curb,Nonresidential,Typical Interior Window,Typical Interior Window,Typical Interior Window,Typical Interior Window,Typical Interior Door,,,,Typical Interior Partition
90.1-2004,LargeHotel,GuestRoom,No,Mass,Residential,Mass,Residential,IEAD,Residential,LargeHotel Interior Wall,LargeHotel Interior Floor,LargeHotel Interior Ceiling,Mass,Nonresidential,Unheated,Nonresidential,,Nonresidential,Metal framing (all other),Nonresidential,Metal framing (all other),Nonresidential,Swinging,Nonresidential,,NonSwinging,Nonresidential,Glass with Curb,Nonresidential,Typical Interior Window,Typical Interior Window,Typical Interior Window,Typical Interior Window,Typical Interior Door,,,,Typical Interior Partition
189.1-2009,,Attic,No,,Nonresidential,Mass,Nonresidential,,Nonresidential,,,,Mass,Nonresidential,Unheated,Nonresidential,,Nonresidential,Metal framing (all other),Nonresidential,Metal framing (all other),Nonresidential,Swinging,Nonresidential,,NonSwinging,Nonresidential,Glass with Curb,Nonresidential,,,,,,,,,
DOE Ref 1980-2004,Hospital,,No,Mass,Nonresidential,Mass,Nonresidential,IEAD,Nonresidential,Typical Interior Wall,Typical Interior Floor,Typical Interior Ceiling,Mass,Nonresidential,Unheated,Nonresidential,,Nonresidential,Metal framing (all other),Nonresidential,Metal framing (all other),Nonresidential,Swinging,Nonresidential,,NonSwinging,Nonresidential,,,Typical Interior Window,Typical Interior Window,Typical Interior Window,Typical Interior Window,Typical Interior Door,,,,Typical Interior Partition
DOE Ref 1980-2004,Hospital,PatRoom,No,Mass,Nonresidential,Mass,Residential,IEAD,Residential,Typical Interior Wall,Typical Interior Floor,Typical Interior Ceiling,Mass,Nonresidential,Unheated,Nonresidential,,Nonresidential,Metal framing (all other),Nonresidential,Metal framing (all other),Nonresidential,Swinging,Nonresidential,,NonSwinging,Nonresidential,,,Typical Interior Window,Typical Interior Window,Typical Interior Window,Typical Interior Window,Typical Interior Door,,,,Typical Interior Partition
DOE Ref Pre-1980,LargeHotel,,No,Mass,Nonresidential,Mass,Nonresidential,IEAD,Nonresidential,Typical Interior Wall,Typical Interior Floor,Typical Interior Ceiling,Mass,Nonresidential,Mass,Nonresidential,,Nonresidential,Metal framing (all other),Nonresidential,Metal framing (all other),Nonresidential,Swinging,Nonresidential,,NonSwinging,Nonresidential,,,Typical Interior Window,Typical Interior Window,Typical Interior Window,Typical Interior Window,Typical Interior Door,,,,Typical Interior Partition
90.1-2007,LargeHotel,,No,Mass,Nonresidential,Mass,Nonresidential,IEAD,Nonresidential,LargeHotel Interior Wall,LargeHotel Interior Floor,LargeHotel Interior Ceiling,Mass,Nonresidential,Unheated,Nonresidential,,Nonresidential,Metal framing (all other),Nonresidential,Metal framing (all other),Nonresidential,Swinging,Nonresidential,,NonSwinging,Nonresidential,Glass with Curb,Nonresidential,Typical Interior Window,Typical Interior Window,Typical Interior Window,Typical Interior Window,Typical Interior Door,,,,Typical Interior Partition
90.1-2007,LargeHotel,GuestRoom,No,Mass,Residential,Mass,Residential,IEAD,Residential,LargeHotel Interior Wall,LargeHotel Interior Floor,LargeHotel Interior Ceiling,Mass,Nonresidential,Unheated,Nonresidential,,Nonresidential,Metal framing (all other),Nonresidential,Metal framing (all other),Nonresidential,Swinging,Nonresidential,,NonSwinging,Nonresidential,Glass with Curb,Nonresidential,Typical Interior Window,Typical Interior Window,Typical Interior Window,Typical Interior Window,Typical Interior Door,,,,Typical Interior Partition
DOE Ref Pre-1980,LargeHotel,GuestRoom,No,Mass,Nonresidential,Mass,Residential,IEAD,Residential,Typical Interior Wall,Typical Interior Floor,Typical Interior Ceiling,Mass,Nonresidential,Mass,Nonresidential,,Nonresidential,Metal framing (all other),Nonresidential,Metal framing (all other),Nonresidential,Swinging,Nonresidential,,NonSwinging,Nonresidential,,,Typical Interior Window,Typical Interior Window,Typical Interior Window,Typical Interior Window,Typical Interior Door,,,,Typical Interior Partition
90.1-2010,LargeHotel,,No,Mass,Nonresidential,Mass,Nonresidential,IEAD,Nonresidential,LargeHotel Interior Wall,LargeHotel Interior Floor,LargeHotel Interior Ceiling,Mass,Nonresidential,Unheated,Nonresidential,,Nonresidential,Metal framing (all other),Nonresidential,Metal framing (all other),Nonresidential,Swinging,Nonresidential,,NonSwinging,Nonresidential,Glass with Curb,Nonresidential,Typical Interior Window,Typical Interior Window,Typical Interior Window,Typical Interior Window,Typical Interior Door,,,,Typical Interior Partition
90.1-2010,LargeHotel,GuestRoom,No,Mass,Residential,Mass,Residential,IEAD,Residential,LargeHotel Interior Wall,LargeHotel Interior Floor,LargeHotel Interior Ceiling,Mass,Nonresidential,Unheated,Nonresidential,,Nonresidential,Metal framing (all other),Nonresidential,Metal framing (all other),Nonresidential,Swinging,Nonresidential,,NonSwinging,Nonresidential,Glass with Curb,Nonresidential,Typical Interior Window,Typical Interior Window,Typical Interior Window,Typical Interior Window,Typical Interior Door,,,,Typical Interior Partition
90.1-2013,LargeHotel,,No,Mass,Nonresidential,Mass,Nonresidential,IEAD,Nonresidential,LargeHotel Interior Wall,LargeHotel Interior Floor,LargeHotel Interior Ceiling,Mass,Nonresidential,Unheated,Nonresidential,,Nonresidential,Metal framing (all other),Nonresidential,Metal framing (all other),Nonresidential,Swinging,Nonresidential,,NonSwinging,Nonresidential,Glass with Curb,Nonresidential,Typical Interior Window,Typical Interior Window,Typical Interior Window,Typical Interior Window,Typical Interior Door,,,,Typical Interior Partition
90.1-2013,LargeHotel,GuestRoom,No,Mass,Residential,Mass,Residential,IEAD,Residential,LargeHotel Interior Wall,LargeHotel Interior Floor,LargeHotel Interior Ceiling,Mass,Nonresidential,Unheated,Nonresidential,,Nonresidential,Metal framing (all other),Nonresidential,Metal framing (all other),Nonresidential,Swinging,Nonresidential,,NonSwinging,Nonresidential,Glass with Curb,Nonresidential,Typical Interior Window,Typical Interior Window,Typical Interior Window,Typical Interior Window,Typical Interior Door,,,,Typical Interior Partition
DOE Ref 1980-2004,LargeHotel,,No,Mass,Nonresidential,Mass,Nonresidential,IEAD,Nonresidential,Typical Interior Wall,Typical Interior Floor,Typical Interior Ceiling,Mass,Nonresidential,Mass,Nonresidential,,Nonresidential,Metal framing (all other),Nonresidential,Metal framing (all other),Nonresidential,Swinging,Nonresidential,,NonSwinging,Nonresidential,,,Typical Interior Window,Typical Interior Window,Typical Interior Window,Typical Interior Window,Typical Interior Door,,,,Typical Interior Partition
DOE Ref 1980-2004,LargeHotel,GuestRoom,No,Mass,Nonresidential,Mass,Residential,IEAD,Residential,Typical Interior Wall,Typical Interior Floor,Typical Interior Ceiling,Mass,Nonresidential,Mass,Nonresidential,,Nonresidential,Metal framing (all other),Nonresidential,Metal framing (all other),Nonresidential,Swinging,Nonresidential,,NonSwinging,Nonresidential,,,Typical Interior Window,Typical Interior Window,Typical Interior Window,Typical Interior Window,Typical Interior Door,,,,Typical Interior Partition
DOE Ref Pre-1980,LargeOffice,,No,Mass,Nonresidential,Mass,Nonresidential,IEAD,Nonresidential,Typical Interior Wall,Typical Interior Floor,Typical Interior Ceiling,Mass,Nonresidential,Mass,Nonresidential,,Nonresidential,Metal framing (all other),Nonresidential,Metal framing (all other),Nonresidential,Swinging,Nonresidential,,NonSwinging,Nonresidential,,,Typical Interior Window,Typical Interior Window,Typical Interior Window,Typical Interior Window,Typical Interior Door,,,,Typical Interior Partition
189.1-2009,Retail,,No,Mass,Nonresidential,Mass,Nonresidential,IEAD,Nonresidential,Typical Interior Wall,Typical Interior Floor,Typical Interior Ceiling,Mass,Nonresidential,Unheated,Nonresidential,,Nonresidential,Metal framing (all other),Nonresidential,Metal framing (all other),Nonresidential,Swinging,Nonresidential,,NonSwinging,Nonresidential,Glass with Curb,Nonresidential,Typical Interior Window,Typical Interior Window,Typical Interior Window,Typical Interior Window,Typical Interior Door,,,,Typical Interior Partition
DOE Ref 1980-2004,LargeOffice,,No,Mass,Nonresidential,Mass,Nonresidential,IEAD,Nonresidential,Typical Interior Wall,Typical Interior Floor,Typical Interior Ceiling,Mass,Nonresidential,Mass,Nonresidential,,Nonresidential,Metal framing (all other),Nonresidential,Metal framing (all other),Nonresidential,Swinging,Nonresidential,,NonSwinging,Nonresidential,,,Typical Interior Window,Typical Interior Window,Typical Interior Window,Typical Interior Window,Typical Interior Door,,,,Typical Interior Partition
DOE Ref 1980-2004,MediumOffice,,No,SteelFramed,Nonresidential,Mass,Nonresidential,IEAD,Nonresidential,Typical Interior Wall,Typical Interior Floor,Typical Interior Ceiling,Mass,Nonresidential,Mass,Nonresidential,,Nonresidential,Metal framing (all other),Nonresidential,Metal framing (all other),Nonresidential,Swinging,Nonresidential,,NonSwinging,Nonresidential,,,Typical Interior Window,Typical Interior Window,Typical Interior Window,Typical Interior Window,Typical Interior Door,,,,Typical Interior Partition
189.1-2009,MediumOffice,,No,SteelFramed,Nonresidential,Mass,Nonresidential,IEAD,Nonresidential,Typical Interior Wall,Typical Interior Floor,Typical Interior Ceiling,Mass,Nonresidential,Unheated,Nonresidential,,Nonresidential,Metal framing (all other),Nonresidential,Metal framing (all other),Nonresidential,Swinging,Nonresidential,,NonSwinging,Nonresidential,Glass with Curb,Nonresidential,Typical Interior Window,Typical Interior Window,Typical Interior Window,Typical Interior Window,Typical Interior Door,,,,Typical Interior Partition
90.1-2007,HighriseApartment,,No,SteelFramed,Residential,Mass,Residential,IEAD,Nonresidential,Typical Interior Wall,Typical Interior Floor,Typical Interior Ceiling,Mass,Nonresidential,Unheated,Nonresidential,,Nonresidential,Metal framing (all other),Nonresidential,Metal framing (all other),Nonresidential,Swinging,Nonresidential,,NonSwinging,Nonresidential,Glass with Curb,Nonresidential,Typical Interior Window,Typical Interior Window,Typical Interior Window,Typical Interior Window,Typical Interior Door,,,,Typical Interior Partition
90.1-2004,Retail,,No,Mass,Nonresidential,Mass,Nonresidential,IEAD,Nonresidential,Typical Interior Wall,Typical Interior Floor,Typical Interior Ceiling,Mass,Nonresidential,Unheated,Nonresidential,,Nonresidential,Metal framing (all other),Nonresidential,Metal framing (all other),Nonresidential,Swinging,Nonresidential,,NonSwinging,Nonresidential,Glass with Curb,Nonresidential,Typical Interior Window,Typical Interior Window,Typical Interior Window,Typical Interior Window,Typical Interior Door,,,,Typical Interior Partition
90.1-2010,HighriseApartment,,No,SteelFramed,Residential,Mass,Residential,IEAD,Nonresidential,Typical Interior Wall,Typical Interior Floor,Typical Interior Ceiling,Mass,Nonresidential,Unheated,Nonresidential,,Nonresidential,Metal framing (all other),Nonresidential,Metal framing (all other),Nonresidential,Swinging,Nonresidential,,NonSwinging,Nonresidential,Glass with Curb,Nonresidential,Typical Interior Window,Typical Interior Window,Typical Interior Window,Typical Interior Window,Typical Interior Door,,,,Typical Interior Partition
DOE Ref Pre-1980,Office,,No,Mass,Nonresidential,Mass,Nonresidential,IEAD,Nonresidential,Typical Interior Wall,Typical Interior Floor,Typical Interior Ceiling,Mass,Nonresidential,Mass,Nonresidential,,Nonresidential,Metal framing (all other),Nonresidential,Metal framing (all other),Nonresidential,Swinging,Nonresidential,,NonSwinging,Nonresidential,,,Typical Interior Window,Typical Interior Window,Typical Interior Window,Typical Interior Window,Typical Interior Door,,,,Typical Interior Partition
DOE Ref 1980-2004,Office,,No,Mass,Nonresidential,Mass,Nonresidential,IEAD,Nonresidential,Typical Interior Wall,Typical Interior Floor,Typical Interior Ceiling,Mass,Nonresidential,Mass,Nonresidential,,Nonresidential,Metal framing (all other),Nonresidential,Metal framing (all other),Nonresidential,Swinging,Nonresidential,,NonSwinging,Nonresidential,,,Typical Interior Window,Typical Interior Window,Typical Interior Window,Typical Interior Window,Typical Interior Door,,,,Typical Interior Partition
DOE Ref Pre-1980,Outpatient,,No,SteelFramed,Nonresidential,Mass,Nonresidential,IEAD,Nonresidential,Typical Interior Wall,Typical Interior Floor,Typical Interior Ceiling,Mass,Nonresidential,SteelFramed,Nonresidential,,Nonresidential,Metal framing (all other),Nonresidential,Metal framing (all other),Nonresidential,Swinging,Nonresidential,,NonSwinging,Nonresidential,,,Typical Interior Window,Typical Interior Window,Typical Interior Window,Typical Interior Window,Typical Interior Door,,,,Typical Interior Partition
90.1-2007,Retail,,No,Mass,Nonresidential,Mass,Nonresidential,IEAD,Nonresidential,Typical Interior Wall,Typical Interior Floor,Typical Interior Ceiling,Mass,Nonresidential,Unheated,Nonresidential,,Nonresidential,Metal framing (all other),Nonresidential,Metal framing (all other),Nonresidential,Swinging,Nonresidential,,NonSwinging,Nonresidential,Glass with Curb,Nonresidential,Typical Interior Window,Typical Interior Window,Typical Interior Window,Typical Interior Window,Typical Interior Door,,,,Typical Interior Partition
90.1-2010,Retail,,No,Mass,Nonresidential,Mass,Nonresidential,IEAD,Nonresidential,Typical Interior Wall,Typical Interior Floor,Typical Interior Ceiling,Mass,Nonresidential,Unheated,Nonresidential,,Nonresidential,Metal framing (all other),Nonresidential,Metal framing (all other),Nonresidential,Swinging,Nonresidential,,NonSwinging,Nonresidential,Glass with Curb,Nonresidential,Typical Interior Window,Typical Interior Window,Typical Interior Window,Typical Interior Window,Typical Interior Door,,,,Typical Interior Partition
DOE Ref 1980-2004,Outpatient,,No,SteelFramed,Nonresidential,Mass,Nonresidential,IEAD,Nonresidential,Typical Interior Wall,Typical Interior Floor,Typical Interior Ceiling,Mass,Nonresidential,SteelFramed,Nonresidential,,Nonresidential,Metal framing (all other),Nonresidential,Metal framing (all other),Nonresidential,Swinging,Nonresidential,,NonSwinging,Nonresidential,,,Typical Interior Window,Typical Interior Window,Typical Interior Window,Typical Interior Window,Typical Interior Door,,,,Typical Interior Partition
189.1-2009,LargeOffice,,No,Mass,Nonresidential,Mass,Nonresidential,IEAD,Nonresidential,Typical Interior Wall,Typical Interior Floor,Typical Interior Ceiling,Mass,Nonresidential,Unheated,Nonresidential,,Nonresidential,Metal framing (all other),Nonresidential,Metal framing (all other),Nonresidential,Swinging,Nonresidential,,NonSwinging,Nonresidential,Glass with Curb,Nonresidential,Typical Interior Window,Typical Interior Window,Typical Interior Window,Typical Interior Window,Typical Interior Door,,,,Typical Interior Partition
DOE Ref Pre-1980,PrimarySchool,,No,SteelFramed,Nonresidential,Mass,Nonresidential,IEAD,Nonresidential,Typical Interior Wall,Typical Interior Floor,Typical Interior Ceiling,Mass,Nonresidential,Mass,Nonresidential,,Nonresidential,Metal framing (all other),Nonresidential,Metal framing (all other),Nonresidential,Swinging,Nonresidential,,NonSwinging,Nonresidential,,,Typical Interior Window,Typical Interior Window,Typical Interior Window,Typical Interior Window,Typical Interior Door,,,,Typical Interior Partition
DOE Ref 1980-2004,PrimarySchool,,No,SteelFramed,Nonresidential,Mass,Nonresidential,IEAD,Nonresidential,Typical Interior Wall,Typical Interior Floor,Typical Interior Ceiling,Mass,Nonresidential,Mass,Nonresidential,,Nonresidential,Metal framing (all other),Nonresidential,Metal framing (all other),Nonresidential,Swinging,Nonresidential,,NonSwinging,Nonresidential,,,Typical Interior Window,Typical Interior Window,Typical Interior Window,Typical Interior Window,Typical Interior Door,,,,Typical Interior Partition
90.1-2004,LargeOffice,,No,Mass,Nonresidential,Mass,Nonresidential,IEAD,Nonresidential,Typical Interior Wall,Typical Interior Floor,Typical Interior Ceiling,Mass,Nonresidential,Unheated,Nonresidential,,Nonresidential,Metal framing (all other),Nonresidential,Metal framing (all other),Nonresidential,Swinging,Nonresidential,,NonSwinging,Nonresidential,Glass with Curb,Nonresidential,Typical Interior Window,Typical Interior Window,Typical Interior Window,Typical Interior Window,Typical Interior Door,,,,Typical Interior Partition
DOE Ref Pre-1980,QuickServiceRestaurant,,No,Mass,Nonresidential,Mass,Nonresidential,IEAD,Nonresidential,Typical Interior Wall,Typical Interior Floor,Typical Interior Ceiling,Mass,Nonresidential,Unheated,Nonresidential,,Nonresidential,Metal framing (all other),Nonresidential,Metal framing (all other),Nonresidential,Swinging,Nonresidential,,NonSwinging,Nonresidential,,,Typical Interior Window,Typical Interior Window,Typical Interior Window,Typical Interior Window,Typical Interior Door,,,,Typical Interior Partition
DOE Ref 1980-2004,QuickServiceRestaurant,,No,WoodFramed,Nonresidential,Mass,Nonresidential,Attic and Other,Nonresidential,Typical Interior Wall,Typical Interior Floor,Typical Interior Ceiling,Mass,Nonresidential,Unheated,Nonresidential,,Nonresidential,Metal framing (all other),Nonresidential,Metal framing (all other),Nonresidential,Swinging,Nonresidential,,NonSwinging,Nonresidential,,,Typical Interior Window,Typical Interior Window,Typical Interior Window,Typical Interior Window,Typical Interior Door,,,,Typical Interior Partition
DOE Ref 1980-2004,Retail,,No,Mass,Nonresidential,Mass,Nonresidential,IEAD,Nonresidential,Typical Interior Wall,Typical Interior Floor,Typical Interior Ceiling,Mass,Nonresidential,Unheated,Nonresidential,,Nonresidential,Metal framing (all other),Nonresidential,Metal framing (all other),Nonresidential,Swinging,Nonresidential,,NonSwinging,Nonresidential,,,Typical Interior Window,Typical Interior Window,Typical Interior Window,Typical Interior Window,Typical Interior Door,,,,Typical Interior Partition
90.1-2013,Retail,,No,Mass,Nonresidential,Mass,Nonresidential,IEAD,Nonresidential,Typical Interior Wall,Typical Interior Floor,Typical Interior Ceiling,Mass,Nonresidential,Unheated,Nonresidential,,Nonresidential,Metal framing (all other),Nonresidential,Metal framing (all other),Nonresidential,Swinging,Nonresidential,,NonSwinging,Nonresidential,Glass with Curb,Nonresidential,Typical Interior Window,Typical Interior Window,Typical Interior Window,Typical Interior Window,Typical Interior Door,,,,Typical Interior Partition
DOE Ref Pre-1980,Retail,,No,SteelFramed,Nonresidential,Mass,Nonresidential,IEAD,Nonresidential,Typical Interior Wall,Typical Interior Floor,Typical Interior Ceiling,Mass,Nonresidential,Unheated,Nonresidential,,Nonresidential,Metal framing (all other),Nonresidential,Metal framing (all other),Nonresidential,Swinging,Nonresidential,,NonSwinging,Nonresidential,,,Typical Interior Window,Typical Interior Window,Typical Interior Window,Typical Interior Window,Typical Interior Door,,,,Typical Interior Partition
DOE Ref Pre-1980,SecondarySchool,,No,SteelFramed,Nonresidential,Mass,Nonresidential,IEAD,Nonresidential,Typical Interior Wall,Typical Interior Floor,Typical Interior Ceiling,Mass,Nonresidential,Mass,Nonresidential,,Nonresidential,Metal framing (all other),Nonresidential,Metal framing (all other),Nonresidential,Swinging,Nonresidential,,NonSwinging,Nonresidential,,,Typical Interior Window,Typical Interior Window,Typical Interior Window,Typical Interior Window,Typical Interior Door,,,,Typical Interior Partition
DOE Ref 1980-2004,SecondarySchool,,No,SteelFramed,Nonresidential,Mass,Nonresidential,IEAD,Nonresidential,Typical Interior Wall,Typical Interior Floor,Typical Interior Ceiling,Mass,Nonresidential,Mass,Nonresidential,,Nonresidential,Metal framing (all other),Nonresidential,Metal framing (all other),Nonresidential,Swinging,Nonresidential,,NonSwinging,Nonresidential,,,Typical Interior Window,Typical Interior Window,Typical Interior Window,Typical Interior Window,Typical Interior Door,,,,Typical Interior Partition
DOE Ref Pre-1980,SmallHotel,,No,SteelFramed,Nonresidential,Mass,Nonresidential,Attic and Other,Nonresidential,Typical Interior Wall,Typical Interior Floor,Typical Interior Ceiling,Mass,Nonresidential,Mass,Nonresidential,,Nonresidential,Metal framing (all other),Nonresidential,Metal framing (all other),Nonresidential,Swinging,Nonresidential,,NonSwinging,Nonresidential,,,Typical Interior Window,Typical Interior Window,Typical Interior Window,Typical Interior Window,Typical Interior Door,,,,Typical Interior Partition
DOE Ref 1980-2004,SmallHotel,,No,SteelFramed,Nonresidential,Mass,Nonresidential,Attic and Other,Nonresidential,Typical Interior Wall,Typical Interior Floor,Typical Interior Ceiling,Mass,Nonresidential,Mass,Nonresidential,,Nonresidential,Metal framing (all other),Nonresidential,Metal framing (all other),Nonresidential,Swinging,Nonresidential,,NonSwinging,Nonresidential,,,Typical Interior Window,Typical Interior Window,Typical Interior Window,Typical Interior Window,Typical Interior Door,,,,Typical Interior Partition
DOE Ref Pre-1980,SmallOffice,,No,SteelFramed,Nonresidential,Mass,Residential,IEAD,Nonresidential,Typical Interior Wall,Typical Interior Floor,Typical Interior Ceiling,Mass,Nonresidential,Mass,Nonresidential,,Nonresidential,Metal framing (all other),Nonresidential,Metal framing (all other),Nonresidential,Swinging,Nonresidential,,NonSwinging,Nonresidential,,,Typical Interior Window,Typical Interior Window,Typical Interior Window,Typical Interior Window,Typical Interior Door,,,,Typical Interior Partition
90.1-2004,FullServiceRestaurant,,No,SteelFramed,Nonresidential,Mass,Nonresidential,Attic and Other,Nonresidential,Typical Interior Wall,Typical Interior Floor,Typical Interior Ceiling,Mass,Nonresidential,Unheated,Nonresidential,,Nonresidential,Metal framing (all other),Nonresidential,Metal framing (all other),Nonresidential,Swinging,Nonresidential,,NonSwinging,Nonresidential,Glass with Curb,Nonresidential,Typical Interior Window,Typical Interior Window,Typical Interior Window,Typical Interior Window,Typical Interior Door,,,,Typical Interior Partition
90.1-2004,Hospital,,No,Mass,Nonresidential,Mass,Nonresidential,IEAD,Nonresidential,Typical Interior Wall,Typical Interior Floor,Typical Interior Ceiling,Mass,Nonresidential,Unheated,Nonresidential,,Nonresidential,Metal framing (all other),Nonresidential,Metal framing (all other),Nonresidential,Swinging,Nonresidential,,NonSwinging,Nonresidential,Glass with Curb,Nonresidential,Typical Interior Window,Typical Interior Window,Typical Interior Window,Typical Interior Window,Typical Interior Door,,,,Typical Interior Partition
90.1-2004,Hospital,PatRoom,No,Mass,Residential,Mass,Residential,IEAD,Residential,Typical Interior Wall,Typical Interior Floor,Typical Interior Ceiling,Mass,Nonresidential,Unheated,Nonresidential,,Nonresidential,Metal framing (all other),Nonresidential,Metal framing (all other),Nonresidential,Swinging,Nonresidential,,NonSwinging,Nonresidential,Glass with Curb,Nonresidential,Typical Interior Window,Typical Interior Window,Typical Interior Window,Typical Interior Window,Typical Interior Door,,,,Typical Interior Partition
90.1-2007,LargeOffice,,No,Mass,Nonresidential,Mass,Nonresidential,IEAD,Nonresidential,Typical Interior Wall,Typical Interior Floor,Typical Interior Ceiling,Mass,Nonresidential,Unheated,Nonresidential,,Nonresidential,Metal framing (all other),Nonresidential,Metal framing (all other),Nonresidential,Swinging,Nonresidential,,NonSwinging,Nonresidential,Glass with Curb,Nonresidential,Typical Interior Window,Typical Interior Window,Typical Interior Window,Typical Interior Window,Typical Interior Door,,,,Typical Interior Partition
90.1-2010,LargeOffice,,No,Mass,Nonresidential,Mass,Nonresidential,IEAD,Nonresidential,Typical Interior Wall,Typical Interior Floor,Typical Interior Ceiling,Mass,Nonresidential,Unheated,Nonresidential,,Nonresidential,Metal framing (all other),Nonresidential,Metal framing (all other),Nonresidential,Swinging,Nonresidential,,NonSwinging,Nonresidential,Glass with Curb,Nonresidential,Typical Interior Window,Typical Interior Window,Typical Interior Window,Typical Interior Window,Typical Interior Door,,,,Typical Interior Partition
90.1-2013,HighriseApartment,,No,SteelFramed,Residential,Mass,Residential,IEAD,Nonresidential,Typical Interior Wall,Typical Interior Floor,Typical Interior Ceiling,Mass,Nonresidential,Unheated,Nonresidential,,Nonresidential,Metal framing (all other),Nonresidential,Metal framing (all other),Nonresidential,Swinging,Nonresidential,,NonSwinging,Nonresidential,Glass with Curb,Nonresidential,Typical Interior Window,Typical Interior Window,Typical Interior Window,Typical Interior Window,Typical Interior Door,,,,Typical Interior Partition
90.1-2013,LargeOffice,,No,Mass,Nonresidential,Mass,Nonresidential,IEAD,Nonresidential,Typical Interior Wall,Typical Interior Floor,Typical Interior Ceiling,Mass,Nonresidential,Unheated,Nonresidential,,Nonresidential,Metal framing (all other),Nonresidential,Metal framing (all other),Nonresidential,Swinging,Nonresidential,,NonSwinging,Nonresidential,Glass with Curb,Nonresidential,Typical Interior Window,Typical Interior Window,Typical Interior Window,Typical Interior Window,Typical Interior Door,,,,Typical Interior Partition
90.1-2004,MediumOffice,,No,SteelFramed,Nonresidential,Mass,Nonresidential,IEAD,Nonresidential,Typical Interior Wall,Typical Interior Floor,Typical Interior Ceiling,Mass,Nonresidential,Unheated,Nonresidential,,Nonresidential,Metal framing (all other),Nonresidential,Metal framing (all other),Nonresidential,Swinging,Nonresidential,,NonSwinging,Nonresidential,Glass with Curb,Nonresidential,Typical Interior Window,Typical Interior Window,Typical Interior Window,Typical Interior Window,Typical Interior Door,,,,Typical Interior Partition
DOE Ref 1980-2004,SmallOffice,,No,WoodFramed,Nonresidential,Mass,Residential,Attic and Other,Nonresidential,Typical Interior Wall,Typical Interior Floor,Typical Interior Ceiling,Mass,Nonresidential,Mass,Nonresidential,,Nonresidential,Metal framing (all other),Nonresidential,Metal framing (all other),Nonresidential,Swinging,Nonresidential,,NonSwinging,Nonresidential,,,Typical Interior Window,Typical Interior Window,Typical Interior Window,Typical Interior Window,Typical Interior Door,,,,Typical Interior Partition
90.1-2007,MediumOffice,,No,SteelFramed,Nonresidential,Mass,Nonresidential,IEAD,Nonresidential,Typical Interior Wall,Typical Interior Floor,Typical Interior Ceiling,Mass,Nonresidential,Unheated,Nonresidential,,Nonresidential,Metal framing (all other),Nonresidential,Metal framing (all other),Nonresidential,Swinging,Nonresidential,,NonSwinging,Nonresidential,Glass with Curb,Nonresidential,Typical Interior Window,Typical Interior Window,Typical Interior Window,Typical Interior Window,Typical Interior Door,,,,Typical Interior Partition
90.1-2004,Outpatient,,No,SteelFramed,Nonresidential,Mass,Nonresidential,IEAD,Nonresidential,Typical Interior Wall,Typical Interior Floor,Typical Interior Ceiling,Mass,Nonresidential,Unheated,Nonresidential,,Nonresidential,Metal framing (all other),Nonresidential,Metal framing (all other),Nonresidential,Swinging,Nonresidential,,NonSwinging,Nonresidential,Glass with Curb,Nonresidential,Typical Interior Window,Typical Interior Window,Typical Interior Window,Typical Interior Window,Typical Interior Door,,,,Typical Interior Partition
90.1-2004,PrimarySchool,,No,SteelFramed,Nonresidential,Mass,Nonresidential,IEAD,Nonresidential,Typical Interior Wall,Typical Interior Floor,Typical Interior Ceiling,Mass,Nonresidential,Unheated,Nonresidential,,Nonresidential,Metal framing (all other),Nonresidential,Metal framing (all other),Nonresidential,Swinging,Nonresidential,,NonSwinging,Nonresidential,Glass with Curb,Nonresidential,Typical Interior Window,Typical Interior Window,Typical Interior Window,Typical Interior Window,Typical Interior Door,,,,Typical Interior Partition
90.1-2004,QuickServiceRestaurant,,No,WoodFramed,Nonresidential,Mass,Nonresidential,Attic and Other,Nonresidential,Typical Interior Wall,Typical Interior Floor,Typical Interior Ceiling,Mass,Nonresidential,Unheated,Nonresidential,,Nonresidential,Metal framing (all other),Nonresidential,Metal framing (all other),Nonresidential,Swinging,Nonresidential,,NonSwinging,Nonresidential,Glass with Curb,Nonresidential,Typical Interior Window,Typical Interior Window,Typical Interior Window,Typical Interior Window,Typical Interior Door,,,,Typical Interior Partition
90.1-2010,MediumOffice,,No,SteelFramed,Nonresidential,Mass,Nonresidential,IEAD,Nonresidential,Typical Interior Wall,Typical Interior Floor,Typical Interior Ceiling,Mass,Nonresidential,Unheated,Nonresidential,,Nonresidential,Metal framing (all other),Nonresidential,Metal framing (all other),Nonresidential,Swinging,Nonresidential,,NonSwinging,Nonresidential,Glass with Curb,Nonresidential,Typical Interior Window,Typical Interior Window,Typical Interior Window,Typical Interior Window,Typical Interior Door,,,,Typical Interior Partition
90.1-2004,SecondarySchool,,No,SteelFramed,Nonresidential,Mass,Nonresidential,IEAD,Nonresidential,Typical Interior Wall,Typical Interior Floor,Typical Interior Ceiling,Mass,Nonresidential,Unheated,Nonresidential,,Nonresidential,Metal framing (all other),Nonresidential,Metal framing (all other),Nonresidential,Swinging,Nonresidential,,NonSwinging,Nonresidential,Glass with Curb,Nonresidential,Typical Interior Window,Typical Interior Window,Typical Interior Window,Typical Interior Window,Typical Interior Door,,,,Typical Interior Partition
90.1-2004,SmallHotel,,No,SteelFramed,Nonresidential,Mass,Nonresidential,IEAD,Nonresidential,int_wall_smallhotel,int_slab_floor_smallhotel,int_slab_ceiling_smallhotel,Mass,Nonresidential,Unheated,Nonresidential,,Nonresidential,Metal framing (all other),Nonresidential,Metal framing (all other),Nonresidential,Swinging,Nonresidential,,NonSwinging,Nonresidential,Glass with Curb,Nonresidential,Typical Interior Window,Typical Interior Window,Typical Interior Window,Typical Interior Window,Typical Interior Door,,,,Typical Interior Partition
90.1-2013,MediumOffice,,No,SteelFramed,Nonresidential,Mass,Nonresidential,IEAD,Nonresidential,Typical Interior Wall,Typical Interior Floor,Typical Interior Ceiling,Mass,Nonresidential,Unheated,Nonresidential,,Nonresidential,Metal framing (all other),Nonresidential,Metal framing (all other),Nonresidential,Swinging,Nonresidential,,NonSwinging,Nonresidential,Glass with Curb,Nonresidential,Typical Interior Window,Typical Interior Window,Typical Interior Window,Typical Interior Window,Typical Interior Door,,,,Typical Interior Partition
90.1-2004,SuperMarket,,No,Mass,Nonresidential,Mass,Nonresidential,IEAD,Nonresidential,Typical Interior Wall,Typical Interior Floor,Typical Interior Ceiling,Mass,Nonresidential,Unheated,Nonresidential,,Nonresidential,Metal framing (all other),Nonresidential,Metal framing (all other),Nonresidential,Swinging,Nonresidential,,NonSwinging,Nonresidential,Glass with Curb,Nonresidential,Typical Interior Window,Typical Interior Window,Typical Interior Window,Typical Interior Window,Typical Interior Door,,,,Typical Interior Partition
189.1-2009,MidriseApartment,,No,SteelFramed,Residential,Mass,Residential,IEAD,Nonresidential,Typical Interior Wall,Typical Interior Floor,Typical Interior Ceiling,Mass,Nonresidential,Unheated,Nonresidential,,Nonresidential,Metal framing (all other),Nonresidential,Metal framing (all other),Nonresidential,Swinging,Nonresidential,,NonSwinging,Nonresidential,Glass with Curb,Nonresidential,Typical Interior Window,Typical Interior Window,Typical Interior Window,Typical Interior Window,Typical Interior Door,,,,Typical Interior Partition
90.1-2004,,Attic,No,,Nonresidential,Mass,Nonresidential,,Nonresidential,,,,Mass,Nonresidential,Unheated,Nonresidential,,Nonresidential,Metal framing (all other),Nonresidential,Metal framing (all other),Nonresidential,Swinging,Nonresidential,,NonSwinging,Nonresidential,Glass with Curb,Nonresidential,,,,,,,,,
90.1-2007,FullServiceRestaurant,,No,SteelFramed,Nonresidential,Mass,Nonresidential,Attic and Other,Nonresidential,Typical Interior Wall,Typical Interior Floor,Typical Interior Ceiling,Mass,Nonresidential,Unheated,Nonresidential,,Nonresidential,Metal framing (all other),Nonresidential,Metal framing (all other),Nonresidential,Swinging,Nonresidential,,NonSwinging,Nonresidential,Glass with Curb,Nonresidential,Typical Interior Window,Typical Interior Window,Typical Interior Window,Typical Interior Window,Typical Interior Door,,,,Typical Interior Partition
90.1-2007,Hospital,,No,Mass,Nonresidential,Mass,Nonresidential,IEAD,Nonresidential,Typical Interior Wall,Typical Interior Floor,Typical Interior Ceiling,Mass,Nonresidential,Unheated,Nonresidential,,Nonresidential,Metal framing (all other),Nonresidential,Metal framing (all other),Nonresidential,Swinging,Nonresidential,,NonSwinging,Nonresidential,Glass with Curb,Nonresidential,Typical Interior Window,Typical Interior Window,Typical Interior Window,Typical Interior Window,Typical Interior Door,,,,Typical Interior Partition
90.1-2007,Hospital,PatRoom,No,Mass,Residential,Mass,Residential,IEAD,Residential,Typical Interior Wall,Typical Interior Floor,Typical Interior Ceiling,Mass,Nonresidential,Unheated,Nonresidential,,Nonresidential,Metal framing (all other),Nonresidential,Metal framing (all other),Nonresidential,Swinging,Nonresidential,,NonSwinging,Nonresidential,Glass with Curb,Nonresidential,Typical Interior Window,Typical Interior Window,Typical Interior Window,Typical Interior Window,Typical Interior Door,,,,Typical Interior Partition
189.1-2009,StripMall,,No,SteelFramed,Nonresidential,Mass,Nonresidential,IEAD,Nonresidential,Typical Interior Wall,Typical Interior Floor,Typical Interior Ceiling,Mass,Nonresidential,Unheated,Nonresidential,,Nonresidential,Metal framing (all other),Nonresidential,Metal framing (all other),Nonresidential,Swinging,Nonresidential,,NonSwinging,Nonresidential,Glass with Curb,Nonresidential,Typical Interior Window,Typical Interior Window,Typical Interior Window,Typical Interior Window,Typical Interior Door,,,,Typical Interior Partition
DOE Ref Pre-1980,StripMall,,No,SteelFramed,Nonresidential,Mass,Nonresidential,IEAD,Nonresidential,Typical Interior Wall,Typical Interior Floor,Typical Interior Ceiling,Mass,Nonresidential,Unheated,Nonresidential,,Nonresidential,Metal framing (all other),Nonresidential,Metal framing (all other),Nonresidential,Swinging,Nonresidential,U 1.22 SHGC 0.54 Simple Glazing Window,NonSwinging,Nonresidential,,,Typical Interior Window,Typical Interior Window,Typical Interior Window,Typical Interior Window,Typical Interior Door,,,,Typical Interior Partition
DOE Ref Pre-1980,MidriseApartment,,No,SteelFramed,Residential,Mass,Residential,IEAD,Nonresidential,Typical Interior Wall,Typical Interior Floor,Typical Interior Ceiling,Mass,Nonresidential,Mass,Nonresidential,,Nonresidential,Metal framing (all other),Nonresidential,Metal framing (all other),Nonresidential,Swinging,Nonresidential,,NonSwinging,Nonresidential,,,Typical Interior Window,Typical Interior Window,Typical Interior Window,Typical Interior Window,Typical Interior Door,,,,Typical Interior Partition
DOE Ref 1980-2004,StripMall,,No,SteelFramed,Nonresidential,Mass,Nonresidential,IEAD,Nonresidential,Typical Interior Wall,Typical Interior Floor,Typical Interior Ceiling,Mass,Nonresidential,Unheated,Nonresidential,,Nonresidential,Metal framing (all other),Nonresidential,Metal framing (all other),Nonresidential,Swinging,Nonresidential,U 1.22 SHGC 0.25 Simple Glazing Window,NonSwinging,Nonresidential,,,Typical Interior Window,Typical Interior Window,Typical Interior Window,Typical Interior Window,Typical Interior Door,,,,Typical Interior Partition
90.1-2004,StripMall,,No,SteelFramed,Nonresidential,Mass,Nonresidential,IEAD,Nonresidential,Typical Interior Wall,Typical Interior Floor,Typical Interior Ceiling,Mass,Nonresidential,Unheated,Nonresidential,,Nonresidential,Metal framing (all other),Nonresidential,Metal framing (all other),Nonresidential,Swinging,Nonresidential,U 1.22 SHGC 0.25 Sgl Elec Ref Colored 6mm,NonSwinging,Nonresidential,Glass with Curb,Nonresidential,Typical Interior Window,Typical Interior Window,Typical Interior Window,Typical Interior Window,Typical Interior Door,,,,Typical Interior Partition
189.1-2009,Office,,No,Mass,Nonresidential,Mass,Nonresidential,IEAD,Nonresidential,Typical Interior Wall,Typical Interior Floor,Typical Interior Ceiling,Mass,Nonresidential,Unheated,Nonresidential,,Nonresidential,Metal framing (all other),Nonresidential,Metal framing (all other),Nonresidential,Swinging,Nonresidential,,NonSwinging,Nonresidential,Glass with Curb,Nonresidential,Typical Interior Window,Typical Interior Window,Typical Interior Window,Typical Interior Window,Typical Interior Door,,,,Typical Interior Partition
DOE Ref Pre-1980,SuperMarket,,No,Mass,Nonresidential,Mass,Nonresidential,IEAD,Nonresidential,Typical Interior Wall,Typical Interior Floor,Typical Interior Ceiling,Mass,Nonresidential,Unheated,Nonresidential,,Nonresidential,Metal framing (all other),Nonresidential,Metal framing (all other),Nonresidential,Swinging,Nonresidential,,NonSwinging,Nonresidential,,,Typical Interior Window,Typical Interior Window,Typical Interior Window,Typical Interior Window,Typical Interior Door,,,,Typical Interior Partition
90.1-2007,Outpatient,,No,SteelFramed,Nonresidential,Mass,Nonresidential,IEAD,Nonresidential,Typical Interior Wall,Typical Interior Floor,Typical Interior Ceiling,Mass,Nonresidential,Unheated,Nonresidential,,Nonresidential,Metal framing (all other),Nonresidential,Metal framing (all other),Nonresidential,Swinging,Nonresidential,,NonSwinging,Nonresidential,Glass with Curb,Nonresidential,Typical Interior Window,Typical Interior Window,Typical Interior Window,Typical Interior Window,Typical Interior Door,,,,Typical Interior Partition
90.1-2007,PrimarySchool,,No,SteelFramed,Nonresidential,Mass,Nonresidential,IEAD,Nonresidential,Typical Interior Wall,Typical Interior Floor,Typical Interior Ceiling,Mass,Nonresidential,Unheated,Nonresidential,,Nonresidential,Metal framing (all other),Nonresidential,Metal framing (all other),Nonresidential,Swinging,Nonresidential,,NonSwinging,Nonresidential,Glass with Curb,Nonresidential,Typical Interior Window,Typical Interior Window,Typical Interior Window,Typical Interior Window,Typical Interior Door,,,,Typical Interior Partition
90.1-2007,QuickServiceRestaurant,,No,WoodFramed,Nonresidential,Mass,Nonresidential,Attic and Other,Nonresidential,Typical Interior Wall,Typical Interior Floor,Typical Interior Ceiling,Mass,Nonresidential,Unheated,Nonresidential,,Nonresidential,Metal framing (all other),Nonresidential,Metal framing (all other),Nonresidential,Swinging,Nonresidential,,NonSwinging,Nonresidential,Glass with Curb,Nonresidential,Typical Interior Window,Typical Interior Window,Typical Interior Window,Typical Interior Window,Typical Interior Door,,,,Typical Interior Partition
DOE Ref 1980-2004,SuperMarket,,No,Mass,Nonresidential,Mass,Nonresidential,IEAD,Nonresidential,Typical Interior Wall,Typical Interior Floor,Typical Interior Ceiling,Mass,Nonresidential,Unheated,Nonresidential,,Nonresidential,Metal framing (all other),Nonresidential,Metal framing (all other),Nonresidential,Swinging,Nonresidential,,NonSwinging,Nonresidential,,,Typical Interior Window,Typical Interior Window,Typical Interior Window,Typical Interior Window,Typical Interior Door,,,,Typical Interior Partition
90.1-2007,SecondarySchool,,No,SteelFramed,Nonresidential,Mass,Nonresidential,IEAD,Nonresidential,Typical Interior Wall,Typical Interior Floor,Typical Interior Ceiling,Mass,Nonresidential,Unheated,Nonresidential,,Nonresidential,Metal framing (all other),Nonresidential,Metal framing (all other),Nonresidential,Swinging,Nonresidential,,NonSwinging,Nonresidential,Glass with Curb,Nonresidential,Typical Interior Window,Typical Interior Window,Typical Interior Window,Typical Interior Window,Typical Interior Door,,,,Typical Interior Partition
90.1-2004,SmallHotel,,Yes,SteelFramed,Residential,Mass,Residential,IEAD,Residential,int_wall_smallhotel,int_slab_floor_smallhotel,int_slab_ceiling_smallhotel,Mass,Residential,Unheated,Residential,,Residential,Metal framing (all other),Residential,Metal framing (all other),Residential,Swinging,Residential,,NonSwinging,Residential,Glass with Curb,Residential,Typical Interior Window,Typical Interior Window,Typical Interior Window,Typical Interior Window,Typical Interior Door,,,,Typical Interior Partition
90.1-2007,SmallHotel,,No,SteelFramed,Nonresidential,Mass,Nonresidential,IEAD,Nonresidential,int_wall_smallhotel,int_slab_floor_smallhotel,int_slab_ceiling_smallhotel,Mass,Nonresidential,Unheated,Nonresidential,,Nonresidential,Metal framing (all other),Nonresidential,Metal framing (all other),Nonresidential,Swinging,Nonresidential,,NonSwinging,Nonresidential,Glass with Curb,Nonresidential,Typical Interior Window,Typical Interior Window,Typical Interior Window,Typical Interior Window,Typical Interior Door,,,,Typical Interior Partition
90.1-2007,StripMall,,No,SteelFramed,Nonresidential,Mass,Nonresidential,IEAD,Nonresidential,Typical Interior Wall,Typical Interior Floor,Typical Interior Ceiling,Mass,Nonresidential,Unheated,Nonresidential,,Nonresidential,Metal framing (all other),Nonresidential,Metal framing (all other),Nonresidential,Swinging,Nonresidential,U 0.72 SHGC 0.25 Sgl Ref-B-M Tint 6mm,NonSwinging,Nonresidential,Glass with Curb,Nonresidential,Typical Interior Window,Typical Interior Window,Typical Interior Window,Typical Interior Window,Typical Interior Door,,,,Typical Interior Partition
90.1-2007,SuperMarket,,No,Mass,Nonresidential,Mass,Nonresidential,IEAD,Nonresidential,Typical Interior Wall,Typical Interior Floor,Typical Interior Ceiling,Mass,Nonresidential,Unheated,Nonresidential,,Nonresidential,Metal framing (all other),Nonresidential,Metal framing (all other),Nonresidential,Swinging,Nonresidential,,NonSwinging,Nonresidential,Glass with Curb,Nonresidential,Typical Interior Window,Typical Interior Window,Typical Interior Window,Typical Interior Window,Typical Interior Door,,,,Typical Interior Partition
DOE Ref 1980-2004,MidriseApartment,,No,SteelFramed,Residential,Mass,Residential,IEAD,Nonresidential,Typical Interior Wall,Typical Interior Floor,Typical Interior Ceiling,Mass,Nonresidential,Mass,Nonresidential,,Nonresidential,Metal framing (all other),Nonresidential,Metal framing (all other),Nonresidential,Swinging,Nonresidential,,NonSwinging,Nonresidential,,,Typical Interior Window,Typical Interior Window,Typical Interior Window,Typical Interior Window,Typical Interior Door,,,,Typical Interior Partition
90.1-2007,,Attic,No,,Nonresidential,Mass,Nonresidential,,Nonresidential,,,,Mass,Nonresidential,Unheated,Nonresidential,,Nonresidential,Metal framing (all other),Nonresidential,Metal framing (all other),Nonresidential,Swinging,Nonresidential,,NonSwinging,Nonresidential,Glass with Curb,Nonresidential,,,,,,,,,
90.1-2010,FullServiceRestaurant,,No,SteelFramed,Nonresidential,Mass,Nonresidential,Attic and Other,Nonresidential,Typical Interior Wall,Typical Interior Floor,Typical Interior Ceiling,Mass,Nonresidential,Unheated,Nonresidential,,Nonresidential,Metal framing (all other),Nonresidential,Metal framing (all other),Nonresidential,Swinging,Nonresidential,,NonSwinging,Nonresidential,Glass with Curb,Nonresidential,Typical Interior Window,Typical Interior Window,Typical Interior Window,Typical Interior Window,Typical Interior Door,,,,Typical Interior Partition
90.1-2010,Hospital,,No,Mass,Nonresidential,Mass,Nonresidential,IEAD,Nonresidential,Typical Interior Wall,Typical Interior Floor,Typical Interior Ceiling,Mass,Nonresidential,Unheated,Nonresidential,,Nonresidential,Metal framing (all other),Nonresidential,Metal framing (all other),Nonresidential,Swinging,Nonresidential,,NonSwinging,Nonresidential,Glass with Curb,Nonresidential,Typical Interior Window,Typical Interior Window,Typical Interior Window,Typical Interior Window,Typical Interior Door,,,,Typical Interior Partition
90.1-2010,Hospital,PatRoom,No,Mass,Residential,Mass,Residential,IEAD,Residential,Typical Interior Wall,Typical Interior Floor,Typical Interior Ceiling,Mass,Nonresidential,Unheated,Nonresidential,,Nonresidential,Metal framing (all other),Nonresidential,Metal framing (all other),Nonresidential,Swinging,Nonresidential,,NonSwinging,Nonresidential,Glass with Curb,Nonresidential,Typical Interior Window,Typical Interior Window,Typical Interior Window,Typical Interior Window,Typical Interior Door,,,,Typical Interior Partition
90.1-2004,MidriseApartment,,No,SteelFramed,Residential,Mass,Residential,IEAD,Nonresidential,Typical Interior Wall,Typical Interior Floor,Typical Interior Ceiling,Mass,Nonresidential,Unheated,Nonresidential,,Nonresidential,Metal framing (all other),Nonresidential,Metal framing (all other),Nonresidential,Swinging,Nonresidential,,NonSwinging,Nonresidential,Glass with Curb,Nonresidential,Typical Interior Window,Typical Interior Window,Typical Interior Window,Typical Interior Window,Typical Interior Door,,,,Typical Interior Partition
90.1-2004,Office,,No,Mass,Nonresidential,Mass,Nonresidential,IEAD,Nonresidential,Typical Interior Wall,Typical Interior Floor,Typical Interior Ceiling,Mass,Nonresidential,Unheated,Nonresidential,,Nonresidential,Metal framing (all other),Nonresidential,Metal framing (all other),Nonresidential,Swinging,Nonresidential,,NonSwinging,Nonresidential,Glass with Curb,Nonresidential,Typical Interior Window,Typical Interior Window,Typical Interior Window,Typical Interior Window,Typical Interior Door,,,,Typical Interior Partition
90.1-2007,MidriseApartment,,No,SteelFramed,Residential,Mass,Residential,IEAD,Nonresidential,Typical Interior Wall,Typical Interior Floor,Typical Interior Ceiling,Mass,Nonresidential,Unheated,Nonresidential,,Nonresidential,Metal framing (all other),Nonresidential,Metal framing (all other),Nonresidential,Swinging,Nonresidential,,NonSwinging,Nonresidential,Glass with Curb,Nonresidential,Typical Interior Window,Typical Interior Window,Typical Interior Window,Typical Interior Window,Typical Interior Door,,,,Typical Interior Partition
90.1-2007,Office,,No,Mass,Nonresidential,Mass,Nonresidential,IEAD,Nonresidential,Typical Interior Wall,Typical Interior Floor,Typical Interior Ceiling,Mass,Nonresidential,Unheated,Nonresidential,,Nonresidential,Metal framing (all other),Nonresidential,Metal framing (all other),Nonresidential,Swinging,Nonresidential,,NonSwinging,Nonresidential,Glass with Curb,Nonresidential,Typical Interior Window,Typical Interior Window,Typical Interior Window,Typical Interior Window,Typical Interior Door,,,,Typical Interior Partition
90.1-2010,Office,,No,Mass,Nonresidential,Mass,Nonresidential,IEAD,Nonresidential,Typical Interior Wall,Typical Interior Floor,Typical Interior Ceiling,Mass,Nonresidential,Unheated,Nonresidential,,Nonresidential,Metal framing (all other),Nonresidential,Metal framing (all other),Nonresidential,Swinging,Nonresidential,,NonSwinging,Nonresidential,Glass with Curb,Nonresidential,Typical Interior Window,Typical Interior Window,Typical Interior Window,Typical Interior Window,Typical Interior Door,,,,Typical Interior Partition
90.1-2013,Office,,No,Mass,Nonresidential,Mass,Nonresidential,IEAD,Nonresidential,Typical Interior Wall,Typical Interior Floor,Typical Interior Ceiling,Mass,Nonresidential,Unheated,Nonresidential,,Nonresidential,Metal framing (all other),Nonresidential,Metal framing (all other),Nonresidential,Swinging,Nonresidential,,NonSwinging,Nonresidential,Glass with Curb,Nonresidential,Typical Interior Window,Typical Interior Window,Typical Interior Window,Typical Interior Window,Typical Interior Door,,,,Typical Interior Partition
189.1-2009,SmallOffice,,No,Mass,Nonresidential,Mass,Residential,Attic and Other,Nonresidential,Typical Interior Wall,Typical Interior Floor,Typical Interior Ceiling,Mass,Nonresidential,Unheated,Nonresidential,,Nonresidential,Metal framing (all other),Nonresidential,Metal framing (all other),Nonresidential,Swinging,Nonresidential,,NonSwinging,Nonresidential,Glass with Curb,Nonresidential,Typical Interior Window,Typical Interior Window,Typical Interior Window,Typical Interior Window,Typical Interior Door,,,,Typical Interior Partition
90.1-2010,Outpatient,,No,SteelFramed,Nonresidential,Mass,Nonresidential,IEAD,Nonresidential,Typical Interior Wall,Typical Interior Floor,Typical Interior Ceiling,Mass,Nonresidential,Unheated,Nonresidential,,Nonresidential,Metal framing (all other),Nonresidential,Metal framing (all other),Nonresidential,Swinging,Nonresidential,,NonSwinging,Nonresidential,Glass with Curb,Nonresidential,Typical Interior Window,Typical Interior Window,Typical Interior Window,Typical Interior Window,Typical Interior Door,,,,Typical Interior Partition
90.1-2010,PrimarySchool,,No,SteelFramed,Nonresidential,Mass,Nonresidential,IEAD,Nonresidential,Typical Interior Wall,Typical Interior Floor,Typical Interior Ceiling,Mass,Nonresidential,Unheated,Nonresidential,,Nonresidential,Metal framing (all other),Nonresidential,Metal framing (all other),Nonresidential,Swinging,Nonresidential,,NonSwinging,Nonresidential,Glass with Curb,Nonresidential,Typical Interior Window,Typical Interior Window,Typical Interior Window,Typical Interior Window,Typical Interior Door,,,,Typical Interior Partition
90.1-2010,QuickServiceRestaurant,,No,WoodFramed,Nonresidential,Mass,Nonresidential,Attic and Other,Nonresidential,Typical Interior Wall,Typical Interior Floor,Typical Interior Ceiling,Mass,Nonresidential,Unheated,Nonresidential,,Nonresidential,Metal framing (all other),Nonresidential,Metal framing (all other),Nonresidential,Swinging,Nonresidential,,NonSwinging,Nonresidential,Glass with Curb,Nonresidential,Typical Interior Window,Typical Interior Window,Typical Interior Window,Typical Interior Window,Typical Interior Door,,,,Typical Interior Partition
90.1-2010,MidriseApartment,,No,SteelFramed,Residential,Mass,Residential,IEAD,Nonresidential,Typical Interior Wall,Typical Interior Floor,Typical Interior Ceiling,Mass,Nonresidential,Unheated,Nonresidential,,Nonresidential,Metal framing (all other),Nonresidential,Metal framing (all other),Nonresidential,Swinging,Nonresidential,,NonSwinging,Nonresidential,Glass with Curb,Nonresidential,Typical Interior Window,Typical Interior Window,Typical Interior Window,Typical Interior Window,Typical Interior Door,,,,Typical Interior Partition
90.1-2010,SecondarySchool,,No,SteelFramed,Nonresidential,Mass,Nonresidential,IEAD,Nonresidential,Typical Interior Wall,Typical Interior Floor,Typical Interior Ceiling,Mass,Nonresidential,Unheated,Nonresidential,,Nonresidential,Metal framing (all other),Nonresidential,Metal framing (all other),Nonresidential,Swinging,Nonresidential,,NonSwinging,Nonresidential,Glass with Curb,Nonresidential,Typical Interior Window,Typical Interior Window,Typical Interior Window,Typical Interior Window,Typical Interior Door,,,,Typical Interior Partition
90.1-2007,SmallHotel,,Yes,SteelFramed,Residential,Mass,Residential,IEAD,Residential,int_wall_smallhotel,int_slab_floor_smallhotel,int_slab_ceiling_smallhotel,Mass,Residential,Unheated,Residential,,Residential,Metal framing (all other),Residential,Metal framing (all other),Residential,Swinging,Residential,,NonSwinging,Residential,Glass with Curb,Residential,Typical Interior Window,Typical Interior Window,Typical Interior Window,Typical Interior Window,Typical Interior Door,,,,Typical Interior Partition
90.1-2010,SmallHotel,,No,SteelFramed,Nonresidential,Mass,Nonresidential,IEAD,Nonresidential,int_wall_smallhotel,int_slab_floor_smallhotel,int_slab_ceiling_smallhotel,Mass,Nonresidential,Unheated,Nonresidential,,Nonresidential,Metal framing (all other),Nonresidential,Metal framing (all other),Nonresidential,Swinging,Nonresidential,,NonSwinging,Nonresidential,Glass with Curb,Nonresidential,Typical Interior Window,Typical Interior Window,Typical Interior Window,Typical Interior Window,Typical Interior Door,,,,Typical Interior Partition
90.1-2010,StripMall,,No,SteelFramed,Nonresidential,Mass,Nonresidential,IEAD,Nonresidential,Typical Interior Wall,Typical Interior Floor,Typical Interior Ceiling,Mass,Nonresidential,Unheated,Nonresidential,,Nonresidential,Metal framing (all other),Nonresidential,Metal framing (all other),Nonresidential,Swinging,Nonresidential,U 0.72 SHGC 0.25 Sgl Ref-B-M Tint 6mm,NonSwinging,Nonresidential,Glass with Curb,Nonresidential,Typical Interior Window,Typical Interior Window,Typical Interior Window,Typical Interior Window,Typical Interior Door,,,,Typical Interior Partition
90.1-2010,SuperMarket,,No,Mass,Nonresidential,Mass,Nonresidential,IEAD,Nonresidential,Typical Interior Wall,Typical Interior Floor,Typical Interior Ceiling,Mass,Nonresidential,Unheated,Nonresidential,,Nonresidential,Metal framing (all other),Nonresidential,Metal framing (all other),Nonresidential,Swinging,Nonresidential,,NonSwinging,Nonresidential,Glass with Curb,Nonresidential,Typical Interior Window,Typical Interior Window,Typical Interior Window,Typical Interior Window,Typical Interior Door,,,,Typical Interior Partition
90.1-2013,MidriseApartment,,No,SteelFramed,Residential,Mass,Residential,IEAD,Nonresidential,Typical Interior Wall,Typical Interior Floor,Typical Interior Ceiling,Mass,Nonresidential,Unheated,Nonresidential,,Nonresidential,Metal framing (all other),Nonresidential,Metal framing (all other),Nonresidential,Swinging,Nonresidential,,NonSwinging,Nonresidential,Glass with Curb,Nonresidential,Typical Interior Window,Typical Interior Window,Typical Interior Window,Typical Interior Window,Typical Interior Door,,,,Typical Interior Partition
90.1-2010,,Attic,No,,Nonresidential,Mass,Nonresidential,,Nonresidential,,,,Mass,Nonresidential,Unheated,Nonresidential,,Nonresidential,Metal framing (all other),Nonresidential,Metal framing (all other),Nonresidential,Swinging,Nonresidential,,NonSwinging,Nonresidential,Glass with Curb,Nonresidential,,,,,,,,,
90.1-2013,FullServiceRestaurant,,No,SteelFramed,Nonresidential,Mass,Nonresidential,Attic and Other,Nonresidential,Typical Interior Wall,Typical Interior Floor,Typical Interior Ceiling,Mass,Nonresidential,Unheated,Nonresidential,,Nonresidential,Metal framing (all other),Nonresidential,Metal framing (all other),Nonresidential,Swinging,Nonresidential,,NonSwinging,Nonresidential,Glass with Curb,Nonresidential,Typical Interior Window,Typical Interior Window,Typical Interior Window,Typical Interior Window,Typical Interior Door,,,,Typical Interior Partition
90.1-2013,Hospital,,No,Mass,Nonresidential,Mass,Nonresidential,IEAD,Nonresidential,Typical Interior Wall,Typical Interior Floor,Typical Interior Ceiling,Mass,Nonresidential,Unheated,Nonresidential,,Nonresidential,Metal framing (all other),Nonresidential,Metal framing (all other),Nonresidential,Swinging,Nonresidential,,NonSwinging,Nonresidential,Glass with Curb,Nonresidential,Typical Interior Window,Typical Interior Window,Typical Interior Window,Typical Interior Window,Typical Interior Door,,,,Typical Interior Partition
90.1-2013,Hospital,PatRoom,No,Mass,Residential,Mass,Residential,IEAD,Residential,Typical Interior Wall,Typical Interior Floor,Typical Interior Ceiling,Mass,Nonresidential,Unheated,Nonresidential,,Nonresidential,Metal framing (all other),Nonresidential,Metal framing (all other),Nonresidential,Swinging,Nonresidential,,NonSwinging,Nonresidential,Glass with Curb,Nonresidential,Typical Interior Window,Typical Interior Window,Typical Interior Window,Typical Interior Window,Typical Interior Door,,,,Typical Interior Partition
DOE Ref Pre-1980,,Attic,No,,Nonresidential,Mass,Nonresidential,,Nonresidential,,,,Mass,Nonresidential,Unheated,Nonresidential,,Nonresidential,Metal framing (all other),Nonresidential,Metal framing (all other),Nonresidential,Swinging,Nonresidential,,NonSwinging,Nonresidential,,,,,,,,,,,
DOE Ref 1980-2004,,Attic,No,,Nonresidential,Mass,Nonresidential,,Nonresidential,,,,Mass,Nonresidential,Unheated,Nonresidential,,Nonresidential,Metal framing (all other),Nonresidential,Metal framing (all other),Nonresidential,Swinging,Nonresidential,,NonSwinging,Nonresidential,,,,,,,,,,,
189.1-2009,Warehouse,,No,Metal Building,Semiheated,Mass,Nonresidential,Metal Building,Semiheated,Typical Interior Wall,Typical Interior Floor,Typical Interior Ceiling,Mass,Nonresidential,Unheated,Nonresidential,,Nonresidential,Metal framing (all other),Nonresidential,Metal framing (all other),Nonresidential,Swinging,Nonresidential,,NonSwinging,Nonresidential,Glass with Curb,Nonresidential,Typical Interior Window,Typical Interior Window,Typical Interior Window,Typical Interior Window,Typical Interior Door,,,,Typical Interior Partition
DOE Ref Pre-1980,Warehouse,,No,Metal Building,Semiheated,Mass,Nonresidential,IEAD,Semiheated,Typical Interior Wall,Typical Interior Floor,Typical Interior Ceiling,Mass,Nonresidential,Unheated,Semiheated,,Nonresidential,Metal framing (all other),Nonresidential,Metal framing (all other),Nonresidential,Swinging,Semiheated,,NonSwinging,Semiheated,,,Typical Interior Window,Typical Interior Window,Typical Interior Window,Typical Interior Window,Typical Interior Door,,,,Typical Interior Partition
DOE Ref Pre-1980,Warehouse,Office,No,Metal Building,Nonresidential,Mass,Nonresidential,IEAD,Nonresidential,Typical Interior Wall,Typical Interior Floor,Typical Interior Ceiling,Mass,Nonresidential,Unheated,Semiheated,,Nonresidential,Metal framing (all other),Nonresidential,Metal framing (all other),Nonresidential,Swinging,Semiheated,,NonSwinging,Semiheated,,,Typical Interior Window,Typical Interior Window,Typical Interior Window,Typical Interior Window,Typical Interior Door,,,,Typical Interior Partition
DOE Ref Pre-1980,Warehouse,Fine,No,Metal Building,Nonresidential,Mass,Nonresidential,IEAD,Nonresidential,Typical Interior Wall,Typical Interior Floor,Typical Interior Ceiling,Mass,Nonresidential,Unheated,Semiheated,,Nonresidential,Metal framing (all other),Nonresidential,Metal framing (all other),Nonresidential,Swinging,Semiheated,,NonSwinging,Semiheated,,,Typical Interior Window,Typical Interior Window,Typical Interior Window,Typical Interior Window,Typical Interior Door,,,,Typical Interior Partition
DOE Ref Pre-1980,Warehouse,Bulk,No,Metal Building,Semiheated,Mass,Nonresidential,IEAD,Semiheated,Typical Interior Wall,Typical Interior Floor,Typical Interior Ceiling,Mass,Semiheated,Unheated,Semiheated,,Semiheated,Metal framing (all other),Nonresidential,Metal framing (all other),Nonresidential,Swinging,Semiheated,,NonSwinging,Semiheated,,,Typical Interior Window,Typical Interior Window,Typical Interior Window,Typical Interior Window,Typical Interior Door,,,,Typical Interior Partition
DOE Ref 1980-2004,Warehouse,,No,Metal Building,Semiheated,Mass,Nonresidential,Metal Building,Semiheated,Typical Interior Wall,Typical Interior Floor,Typical Interior Ceiling,Mass,Nonresidential,Unheated,Semiheated,,Nonresidential,Metal framing (all other),Nonresidential,Metal framing (all other),Nonresidential,Swinging,Semiheated,,NonSwinging,Semiheated,,,Typical Interior Window,Typical Interior Window,Typical Interior Window,Typical Interior Window,Typical Interior Door,,,,Typical Interior Partition
DOE Ref 1980-2004,Warehouse,Office,No,Metal Building,Nonresidential,Mass,Nonresidential,Metal Building,Nonresidential,Typical Interior Wall,Typical Interior Floor,Typical Interior Ceiling,Mass,Nonresidential,Unheated,Semiheated,,Nonresidential,Metal framing (all other),Nonresidential,Metal framing (all other),Nonresidential,Swinging,Semiheated,,NonSwinging,Semiheated,,,Typical Interior Window,Typical Interior Window,Typical Interior Window,Typical Interior Window,Typical Interior Door,,,,Typical Interior Partition
DOE Ref 1980-2004,Warehouse,Fine,No,Metal Building,Nonresidential,Mass,Nonresidential,Metal Building,Nonresidential,Typical Interior Wall,Typical Interior Floor,Typical Interior Ceiling,Mass,Nonresidential,Unheated,Semiheated,,Nonresidential,Metal framing (all other),Nonresidential,Metal framing (all other),Nonresidential,Swinging,Semiheated,,NonSwinging,Semiheated,,,Typical Interior Window,Typical Interior Window,Typical Interior Window,Typical Interior Window,Typical Interior Door,,,,Typical Interior Partition
DOE Ref 1980-2004,Warehouse,Bulk,No,Metal Building,Semiheated,Mass,Nonresidential,Metal Building,Semiheated,Typical Interior Wall,Typical Interior Floor,Typical Interior Ceiling,Mass,Semiheated,Unheated,Semiheated,,Semiheated,Metal framing (all other),Nonresidential,Metal framing (all other),Nonresidential,Swinging,Semiheated,,NonSwinging,Semiheated,,,Typical Interior Window,Typical Interior Window,Typical Interior Window,Typical Interior Window,Typical Interior Door,,,,Typical Interior Partition
90.1-2004,Warehouse,,No,Metal Building,Semiheated,Mass,Nonresidential,Metal Building,Semiheated,Typical Interior Wall,Typical Interior Floor,Typical Interior Ceiling,Mass,Nonresidential,Unheated,Semiheated,,Nonresidential,Metal framing (all other),Nonresidential,Metal framing (all other),Nonresidential,Swinging,Semiheated,,NonSwinging,Semiheated,Glass with Curb,Nonresidential,Typical Interior Window,Typical Interior Window,Typical Interior Window,Typical Interior Window,Typical Interior Door,,,,Typical Interior Partition
90.1-2004,Warehouse,Office,No,Metal Building,Nonresidential,Mass,Nonresidential,Metal Building,Nonresidential,Typical Interior Wall,Typical Interior Floor,Typical Interior Ceiling,Mass,Nonresidential,Unheated,Semiheated,,Nonresidential,Metal framing (all other),Nonresidential,Metal framing (all other),Nonresidential,Swinging,Semiheated,,NonSwinging,Semiheated,Glass with Curb,Nonresidential,Typical Interior Window,Typical Interior Window,Typical Interior Window,Typical Interior Window,Typical Interior Door,,,,Typical Interior Partition
90.1-2004,Warehouse,Fine,No,Metal Building,Nonresidential,Mass,Nonresidential,Metal Building,Nonresidential,Typical Interior Wall,Typical Interior Floor,Typical Interior Ceiling,Mass,Nonresidential,Unheated,Semiheated,,Nonresidential,Metal framing (all other),Nonresidential,Metal framing (all other),Nonresidential,Swinging,Semiheated,,NonSwinging,Semiheated,Glass with Curb,Nonresidential,Typical Interior Window,Typical Interior Window,Typical Interior Window,Typical Interior Window,Typical Interior Door,,,,Typical Interior Partition
90.1-2004,Warehouse,Bulk,No,Metal Building,Semiheated,Mass,Nonresidential,Metal Building,Semiheated,Typical Interior Wall,Typical Interior Floor,Typical Interior Ceiling,Mass,Semiheated,Unheated,Semiheated,,Semiheated,Metal framing (all other),Nonresidential,Metal framing (all other),Nonresidential,Swinging,Semiheated,,NonSwinging,Semiheated,Glass with Curb,Nonresidential,Typical Interior Window,Typical Interior Window,Typical Interior Window,Typical Interior Window,Typical Interior Door,,,,Typical Interior Partition
90.1-2007,Warehouse,,No,Metal Building,Semiheated,Mass,Nonresidential,Metal Building,Semiheated,Typical Interior Wall,Typical Interior Floor,Typical Interior Ceiling,Mass,Nonresidential,Unheated,Semiheated,,Nonresidential,Metal framing (all other),Nonresidential,Metal framing (all other),Nonresidential,Swinging,Semiheated,,NonSwinging,Semiheated,Glass with Curb,Nonresidential,Typical Interior Window,Typical Interior Window,Typical Interior Window,Typical Interior Window,Typical Interior Door,,,,Typical Interior Partition
90.1-2007,Warehouse,Office,No,Metal Building,Nonresidential,Mass,Nonresidential,Metal Building,Nonresidential,Typical Interior Wall,Typical Interior Floor,Typical Interior Ceiling,Mass,Nonresidential,Unheated,Semiheated,,Nonresidential,Metal framing (all other),Nonresidential,Metal framing (all other),Nonresidential,Swinging,Semiheated,,NonSwinging,Semiheated,Glass with Curb,Nonresidential,Typical Interior Window,Typical Interior Window,Typical Interior Window,Typical Interior Window,Typical Interior Door,,,,Typical Interior Partition
90.1-2007,Warehouse,Fine,No,Metal Building,Nonresidential,Mass,Nonresidential,Metal Building,Nonresidential,Typical Interior Wall,Typical Interior Floor,Typical Interior Ceiling,Mass,Nonresidential,Unheated,Semiheated,,Nonresidential,Metal framing (all other),Nonresidential,Metal framing (all other),Nonresidential,Swinging,Semiheated,,NonSwinging,Semiheated,Glass with Curb,Nonresidential,Typical Interior Window,Typical Interior Window,Typical Interior Window,Typical Interior Window,Typical Interior Door,,,,Typical Interior Partition
90.1-2007,Warehouse,Bulk,No,Metal Building,Semiheated,Mass,Nonresidential,Metal Building,Semiheated,Typical Interior Wall,Typical Interior Floor,Typical Interior Ceiling,Mass,Semiheated,Unheated,Semiheated,,Semiheated,Metal framing (all other),Nonresidential,Metal framing (all other),Nonresidential,Swinging,Semiheated,,NonSwinging,Semiheated,Glass with Curb,Nonresidential,Typical Interior Window,Typical Interior Window,Typical Interior Window,Typical Interior Window,Typical Interior Door,,,,Typical Interior Partition
90.1-2004,SmallOffice,,No,WoodFramed,Nonresidential,Mass,Residential,Attic and Other,Nonresidential,Typical Interior Wall,Typical Interior Floor,Typical Interior Ceiling,Mass,Nonresidential,Unheated,Nonresidential,,Nonresidential,Metal framing (all other),Nonresidential,Metal framing (all other),Nonresidential,Swinging,Nonresidential,,NonSwinging,Nonresidential,Glass with Curb,Nonresidential,Typical Interior Window,Typical Interior Window,Typical Interior Window,Typical Interior Window,Typical Interior Door,,,,Typical Interior Partition
90.1-2007,SmallOffice,,No,WoodFramed,Nonresidential,Mass,Residential,Attic and Other,Nonresidential,Typical Interior Wall,Typical Interior Floor,Typical Interior Ceiling,Mass,Nonresidential,Unheated,Nonresidential,,Nonresidential,Metal framing (all other),Nonresidential,Metal framing (all other),Nonresidential,Swinging,Nonresidential,,NonSwinging,Nonresidential,Glass with Curb,Nonresidential,Typical Interior Window,Typical Interior Window,Typical Interior Window,Typical Interior Window,Typical Interior Door,,,,Typical Interior Partition
90.1-2010,SmallOffice,,No,WoodFramed,Nonresidential,Mass,Residential,Attic and Other,Nonresidential,Typical Interior Wall,Typical Interior Floor,Typical Interior Ceiling,Mass,Nonresidential,Unheated,Nonresidential,,Nonresidential,Metal framing (all other),Nonresidential,Metal framing (all other),Nonresidential,Swinging,Nonresidential,,NonSwinging,Nonresidential,Glass with Curb,Nonresidential,Typical Interior Window,Typical Interior Window,Typical Interior Window,Typical Interior Window,Typical Interior Door,,,,Typical Interior Partition
90.1-2013,SmallOffice,,No,WoodFramed,Nonresidential,Mass,Residential,Attic and Other,Nonresidential,Typical Interior Wall,Typical Interior Floor,Typical Interior Ceiling,Mass,Nonresidential,Unheated,Nonresidential,,Nonresidential,Metal framing (all other),Nonresidential,Metal framing (all other),Nonresidential,Swinging,Nonresidential,,NonSwinging,Nonresidential,Glass with Curb,Nonresidential,Typical Interior Window,Typical Interior Window,Typical Interior Window,Typical Interior Window,Typical Interior Door,,,,Typical Interior Partition
90.1-2013,Outpatient,,No,SteelFramed,Nonresidential,Mass,Nonresidential,IEAD,Nonresidential,Typical Interior Wall,Typical Interior Floor,Typical Interior Ceiling,Mass,Nonresidential,Unheated,Nonresidential,,Nonresidential,Metal framing (all other),Nonresidential,Metal framing (all other),Nonresidential,Swinging,Nonresidential,,NonSwinging,Nonresidential,Glass with Curb,Nonresidential,Typical Interior Window,Typical Interior Window,Typical Interior Window,Typical Interior Window,Typical Interior Door,,,,Typical Interior Partition
90.1-2013,PrimarySchool,,No,SteelFramed,Nonresidential,Mass,Nonresidential,IEAD,Nonresidential,Typical Interior Wall,Typical Interior Floor,Typical Interior Ceiling,Mass,Nonresidential,Unheated,Nonresidential,,Nonresidential,Metal framing (all other),Nonresidential,Metal framing (all other),Nonresidential,Swinging,Nonresidential,,NonSwinging,Nonresidential,Glass with Curb,Nonresidential,Typical Interior Window,Typical Interior Window,Typical Interior Window,Typical Interior Window,Typical Interior Door,,,,Typical Interior Partition
90.1-2013,QuickServiceRestaurant,,No,WoodFramed,Nonresidential,Mass,Nonresidential,Attic and Other,Nonresidential,Typical Interior Wall,Typical Interior Floor,Typical Interior Ceiling,Mass,Nonresidential,Unheated,Nonresidential,,Nonresidential,Metal framing (all other),Nonresidential,Metal framing (all other),Nonresidential,Swinging,Nonresidential,,NonSwinging,Nonresidential,Glass with Curb,Nonresidential,Typical Interior Window,Typical Interior Window,Typical Interior Window,Typical Interior Window,Typical Interior Door,,,,Typical Interior Partition
90.1-2010,Warehouse,,No,Metal Building,Semiheated,Mass,Nonresidential,Metal Building,Semiheated,Typical Interior Wall,Typical Interior Floor,Typical Interior Ceiling,Mass,Nonresidential,Unheated,Semiheated,,Nonresidential,Metal framing (all other),Nonresidential,Metal framing (all other),Nonresidential,Swinging,Semiheated,,NonSwinging,Semiheated,Glass with Curb,Nonresidential,Typical Interior Window,Typical Interior Window,Typical Interior Window,Typical Interior Window,Typical Interior Door,,,,Typical Interior Partition
90.1-2010,Warehouse,Office,No,Metal Building,Nonresidential,Mass,Nonresidential,Metal Building,Nonresidential,Typical Interior Wall,Typical Interior Floor,Typical Interior Ceiling,Mass,Nonresidential,Unheated,Semiheated,,Nonresidential,Metal framing (all other),Nonresidential,Metal framing (all other),Nonresidential,Swinging,Semiheated,,NonSwinging,Semiheated,Glass with Curb,Nonresidential,Typical Interior Window,Typical Interior Window,Typical Interior Window,Typical Interior Window,Typical Interior Door,,,,Typical Interior Partition
90.1-2010,Warehouse,Fine,No,Metal Building,Nonresidential,Mass,Nonresidential,Metal Building,Nonresidential,Typical Interior Wall,Typical Interior Floor,Typical Interior Ceiling,Mass,Nonresidential,Unheated,Semiheated,,Nonresidential,Metal framing (all other),Nonresidential,Metal framing (all other),Nonresidential,Swinging,Semiheated,,NonSwinging,Semiheated,Glass with Curb,Nonresidential,Typical Interior Window,Typical Interior Window,Typical Interior Window,Typical Interior Window,Typical Interior Door,,,,Typical Interior Partition
90.1-2010,Warehouse,Bulk,No,Metal Building,Semiheated,Mass,Nonresidential,Metal Building,Semiheated,Typical Interior Wall,Typical Interior Floor,Typical Interior Ceiling,Mass,Semiheated,Unheated,Semiheated,,Semiheated,Metal framing (all other),Nonresidential,Metal framing (all other),Nonresidential,Swinging,Semiheated,,NonSwinging,Semiheated,Glass with Curb,Nonresidential,Typical Interior Window,Typical Interior Window,Typical Interior Window,Typical Interior Window,Typical Interior Door,,,,Typical Interior Partition
90.1-2013,SecondarySchool,,No,SteelFramed,Nonresidential,Mass,Nonresidential,IEAD,Nonresidential,Typical Interior Wall,Typical Interior Floor,Typical Interior Ceiling,Mass,Nonresidential,Unheated,Nonresidential,,Nonresidential,Metal framing (all other),Nonresidential,Metal framing (all other),Nonresidential,Swinging,Nonresidential,,NonSwinging,Nonresidential,Glass with Curb,Nonresidential,Typical Interior Window,Typical Interior Window,Typical Interior Window,Typical Interior Window,Typical Interior Door,,,,Typical Interior Partition
90.1-2010,SmallHotel,,Yes,SteelFramed,Residential,Mass,Residential,IEAD,Residential,int_wall_smallhotel,int_slab_floor_smallhotel,int_slab_ceiling_smallhotel,Mass,Residential,Unheated,Residential,,Residential,Metal framing (all other),Residential,Metal framing (all other),Residential,Swinging,Residential,,NonSwinging,Residential,Glass with Curb,Residential,Typical Interior Window,Typical Interior Window,Typical Interior Window,Typical Interior Window,Typical Interior Door,,,,Typical Interior Partition
90.1-2013,SmallHotel,,No,SteelFramed,Nonresidential,Mass,Nonresidential,IEAD,Nonresidential,int_wall_smallhotel,int_slab_floor_smallhotel,int_slab_ceiling_smallhotel,Mass,Nonresidential,Unheated,Nonresidential,,Nonresidential,Metal framing (all other),Nonresidential,Metal framing (all other),Nonresidential,Swinging,Nonresidential,,NonSwinging,Nonresidential,Glass with Curb,Nonresidential,Typical Interior Window,Typical Interior Window,Typical Interior Window,Typical Interior Window,Typical Interior Door,,,,Typical Interior Partition
90.1-2013,SmallHotel,,Yes,SteelFramed,Residential,Mass,Residential,IEAD,Residential,int_wall_smallhotel,int_slab_floor_smallhotel,int_slab_ceiling_smallhotel,Mass,Residential,Unheated,Residential,,Residential,Metal framing (all other),Residential,Metal framing (all other),Residential,Swinging,Residential,,NonSwinging,Residential,Glass with Curb,Residential,Typical Interior Window,Typical Interior Window,Typical Interior Window,Typical Interior Window,Typical Interior Door,,,,Typical Interior Partition
90.1-2013,StripMall,,No,SteelFramed,Nonresidential,Mass,Nonresidential,IEAD,Nonresidential,Typical Interior Wall,Typical Interior Floor,Typical Interior Ceiling,Mass,Nonresidential,Unheated,Nonresidential,,Nonresidential,Metal framing (all other),Nonresidential,Metal framing (all other),Nonresidential,Swinging,Nonresidential,U 0.60 SHGC 0.25 Dbl 2.5mm air,NonSwinging,Nonresidential,Glass with Curb,Nonresidential,Typical Interior Window,Typical Interior Window,Typical Interior Window,Typical Interior Window,Typical Interior Door,,,,Typical Interior Partition
90.1-2013,SuperMarket,,No,Mass,Nonresidential,Mass,Nonresidential,IEAD,Nonresidential,Typical Interior Wall,Typical Interior Floor,Typical Interior Ceiling,Mass,Nonresidential,Unheated,Nonresidential,,Nonresidential,Metal framing (all other),Nonresidential,Metal framing (all other),Nonresidential,Swinging,Nonresidential,,NonSwinging,Nonresidential,Glass with Curb,Nonresidential,Typical Interior Window,Typical Interior Window,Typical Interior Window,Typical Interior Window,Typical Interior Door,,,,Typical Interior Partition
90.1-2013,Warehouse,,No,Metal Building,Semiheated,Mass,Nonresidential,Metal Building,Semiheated,Typical Interior Wall,Typical Interior Floor,Typical Interior Ceiling,Mass,Nonresidential,Unheated,Semiheated,,Nonresidential,Metal framing (all other),Nonresidential,Metal framing (all other),Nonresidential,Swinging,Semiheated,,NonSwinging,Semiheated,Glass with Curb,Nonresidential,Typical Interior Window,Typical Interior Window,Typical Interior Window,Typical Interior Window,Typical Interior Door,,,,Typical Interior Partition
90.1-2013,Warehouse,Office,No,Metal Building,Nonresidential,Mass,Nonresidential,Metal Building,Nonresidential,Typical Interior Wall,Typical Interior Floor,Typical Interior Ceiling,Mass,Nonresidential,Unheated,Semiheated,,Nonresidential,Metal framing (all other),Nonresidential,Metal framing (all other),Nonresidential,Swinging,Semiheated,,NonSwinging,Semiheated,Glass with Curb,Nonresidential,Typical Interior Window,Typical Interior Window,Typical Interior Window,Typical Interior Window,Typical Interior Door,,,,Typical Interior Partition
90.1-2013,Warehouse,Fine,No,Metal Building,Nonresidential,Mass,Nonresidential,Metal Building,Nonresidential,Typical Interior Wall,Typical Interior Floor,Typical Interior Ceiling,Mass,Nonresidential,Unheated,Semiheated,,Nonresidential,Metal framing (all other),Nonresidential,Metal framing (all other),Nonresidential,Swinging,Semiheated,,NonSwinging,Semiheated,Glass with Curb,Nonresidential,Typical Interior Window,Typical Interior Window,Typical Interior Window,Typical Interior Window,Typical Interior Door,,,,Typical Interior Partition
90.1-2013,Warehouse,Bulk,No,Metal Building,Semiheated,Mass,Nonresidential,Metal Building,Semiheated,Typical Interior Wall,Typical Interior Floor,Typical Interior Ceiling,Mass,Semiheated,Unheated,Semiheated,,Semiheated,Metal framing (all other),Nonresidential,Metal framing (all other),Nonresidential,Swinging,Semiheated,,NonSwinging,Semiheated,Glass with Curb,Nonresidential,Typical Interior Window,Typical Interior Window,Typical Interior Window,Typical Interior Window,Typical Interior Door,,,,Typical Interior Partition
90.1-2013,,Attic,No,,Nonresidential,Mass,Nonresidential,Attic and Other,Nonresidential,,,,,,,,,,,,,,,,,,,,,,,,,,,,,
NECB 2011,Office,,No,Mass,Nonresidential,Mass,Nonresidential,Metal Building,Nonresidential,Typical Interior Wall,Typical Interior Floor,Typical Interior Ceiling,Mass,Nonresidential,Unheated,Nonresidential,Mass,Nonresidential,Metal framing (all other),Nonresidential,Metal framing (all other),Nonresidential,Swinging,Nonresidential,U 0.35 SHGC 0.35 Dbl LoE (e2-.1) Tint 6mm/13mm Air,NonSwinging,Nonresidential,Glass with Curb,Nonresidential,Typical Interior Window,Typical Interior Window,Typical Interior Window,Typical Interior Window,Typical Interior Door,,,,Typical Interior Partition
NECB 2011,FullServiceRestaurant,,No,Mass,Nonresidential,Mass,Nonresidential,Metal Building,Nonresidential,Typical Interior Wall,Typical Interior Floor,Typical Interior Ceiling,Mass,Nonresidential,Unheated,Nonresidential,Mass,Nonresidential,Metal framing (all other),Nonresidential,Metal framing (all other),Nonresidential,Swinging,Nonresidential,U 0.35 SHGC 0.35 Dbl LoE (e2-.1) Tint 6mm/13mm Air,NonSwinging,Nonresidential,Glass with Curb,Nonresidential,Typical Interior Window,Typical Interior Window,Typical Interior Window,Typical Interior Window,Typical Interior Door,,,,Typical Interior Partition
NECB 2011,Hospital,,No,Mass,Nonresidential,Mass,Nonresidential,Metal Building,Nonresidential,Typical Interior Wall,Typical Interior Floor,Typical Interior Ceiling,Mass,Nonresidential,Unheated,Nonresidential,Mass,Nonresidential,Metal framing (all other),Nonresidential,Metal framing (all other),Nonresidential,Swinging,Nonresidential,U 0.35 SHGC 0.35 Dbl LoE (e2-.1) Tint 6mm/13mm Air,NonSwinging,Nonresidential,Glass with Curb,Nonresidential,Typical Interior Window,Typical Interior Window,Typical Interior Window,Typical Interior Window,Typical Interior Door,,,,Typical Interior Partition
NECB 2011,LargeHotel,,No,Mass,Nonresidential,Mass,Nonresidential,Metal Building,Nonresidential,Typical Interior Wall,Typical Interior Floor,Typical Interior Ceiling,Mass,Nonresidential,Unheated,Nonresidential,Mass,Nonresidential,Metal framing (all other),Nonresidential,Metal framing (all other),Nonresidential,Swinging,Nonresidential,U 0.35 SHGC 0.35 Dbl LoE (e2-.1) Tint 6mm/13mm Air,NonSwinging,Nonresidential,Glass with Curb,Nonresidential,Typical Interior Window,Typical Interior Window,Typical Interior Window,Typical Interior Window,Typical Interior Door,,,,Typical Interior Partition
NECB 2011,MidriseApartment,,No,Mass,Nonresidential,Mass,Nonresidential,Metal Building,Nonresidential,Typical Interior Wall,Typical Interior Floor,Typical Interior Ceiling,Mass,Nonresidential,Unheated,Nonresidential,Mass,Nonresidential,Metal framing (all other),Nonresidential,Metal framing (all other),Nonresidential,Swinging,Nonresidential,U 0.35 SHGC 0.35 Dbl LoE (e2-.1) Tint 6mm/13mm Air,NonSwinging,Nonresidential,Glass with Curb,Nonresidential,Typical Interior Window,Typical Interior Window,Typical Interior Window,Typical Interior Window,Typical Interior Door,,,,Typical Interior Partition
NECB 2011,HighriseApartment,,No,Mass,Nonresidential,Mass,Nonresidential,Metal Building,Nonresidential,Typical Interior Wall,Typical Interior Floor,Typical Interior Ceiling,Mass,Nonresidential,Unheated,Nonresidential,Mass,Nonresidential,Metal framing (all other),Nonresidential,Metal framing (all other),Nonresidential,Swinging,Nonresidential,U 0.35 SHGC 0.35 Dbl LoE (e2-.1) Tint 6mm/13mm Air,NonSwinging,Nonresidential,Glass with Curb,Nonresidential,Typical Interior Window,Typical Interior Window,Typical Interior Window,Typical Interior Window,Typical Interior Door,,,,Typical Interior Partition
NECB 2011,Large Office,,No,Mass,Nonresidential,Mass,Nonresidential,Metal Building,Nonresidential,Typical Interior Wall,Typical Interior Floor,Typical Interior Ceiling,Mass,Nonresidential,Unheated,Nonresidential,Mass,Nonresidential,Metal framing (all other),Nonresidential,Metal framing (all other),Nonresidential,Swinging,Nonresidential,U 0.35 SHGC 0.35 Dbl LoE (e2-.1) Tint 6mm/13mm Air,NonSwinging,Nonresidential,Glass with Curb,Nonresidential,Typical Interior Window,Typical Interior Window,Typical Interior Window,Typical Interior Window,Typical Interior Door,,,,Typical Interior Partition
NECB 2011,Outpatient,,No,Mass,Nonresidential,Mass,Nonresidential,Metal Building,Nonresidential,Typical Interior Wall,Typical Interior Floor,Typical Interior Ceiling,Mass,Nonresidential,Unheated,Nonresidential,Mass,Nonresidential,Metal framing (all other),Nonresidential,Metal framing (all other),Nonresidential,Swinging,Nonresidential,U 0.35 SHGC 0.35 Dbl LoE (e2-.1) Tint 6mm/13mm Air,NonSwinging,Nonresidential,Glass with Curb,Nonresidential,Typical Interior Window,Typical Interior Window,Typical Interior Window,Typical Interior Window,Typical Interior Door,,,,Typical Interior Partition
NECB 2011,PrimarySchool,,No,Mass,Nonresidential,Mass,Nonresidential,Metal Building,Nonresidential,Typical Interior Wall,Typical Interior Floor,Typical Interior Ceiling,Mass,Nonresidential,Unheated,Nonresidential,Mass,Nonresidential,Metal framing (all other),Nonresidential,Metal framing (all other),Nonresidential,Swinging,Nonresidential,U 0.35 SHGC 0.35 Dbl LoE (e2-.1) Tint 6mm/13mm Air,NonSwinging,Nonresidential,Glass with Curb,Nonresidential,Typical Interior Window,Typical Interior Window,Typical Interior Window,Typical Interior Window,Typical Interior Door,,,,Typical Interior Partition
NECB 2011,QuickServiceRestaurant,,No,Mass,Nonresidential,Mass,Nonresidential,Metal Building,Nonresidential,Typical Interior Wall,Typical Interior Floor,Typical Interior Ceiling,Mass,Nonresidential,Unheated,Nonresidential,Mass,Nonresidential,Metal framing (all other),Nonresidential,Metal framing (all other),Nonresidential,Swinging,Nonresidential,U 0.35 SHGC 0.35 Dbl LoE (e2-.1) Tint 6mm/13mm Air,NonSwinging,Nonresidential,Glass with Curb,Nonresidential,Typical Interior Window,Typical Interior Window,Typical Interior Window,Typical Interior Window,Typical Interior Door,,,,Typical Interior Partition
NECB 2011,Retail,,No,Mass,Nonresidential,Mass,Nonresidential,Metal Building,Nonresidential,Typical Interior Wall,Typical Interior Floor,Typical Interior Ceiling,Mass,Nonresidential,Unheated,Nonresidential,Mass,Nonresidential,Metal framing (all other),Nonresidential,Metal framing (all other),Nonresidential,Swinging,Nonresidential,U 0.35 SHGC 0.35 Dbl LoE (e2-.1) Tint 6mm/13mm Air,NonSwinging,Nonresidential,Glass with Curb,Nonresidential,Typical Interior Window,Typical Interior Window,Typical Interior Window,Typical Interior Window,Typical Interior Door,,,,Typical Interior Partition
NECB 2011,SecondarySchool,,No,Mass,Nonresidential,Mass,Nonresidential,Metal Building,Nonresidential,Typical Interior Wall,Typical Interior Floor,Typical Interior Ceiling,Mass,Nonresidential,Unheated,Nonresidential,Mass,Nonresidential,Metal framing (all other),Nonresidential,Metal framing (all other),Nonresidential,Swinging,Nonresidential,U 0.35 SHGC 0.35 Dbl LoE (e2-.1) Tint 6mm/13mm Air,NonSwinging,Nonresidential,Glass with Curb,Nonresidential,Typical Interior Window,Typical Interior Window,Typical Interior Window,Typical Interior Window,Typical Interior Door,,,,Typical Interior Partition
NECB 2011,SmallHotel,,No,Mass,Nonresidential,Mass,Nonresidential,Metal Building,Nonresidential,Typical Interior Wall,Typical Interior Floor,Typical Interior Ceiling,Mass,Nonresidential,Unheated,Nonresidential,Mass,Nonresidential,Metal framing (all other),Nonresidential,Metal framing (all other),Nonresidential,Swinging,Nonresidential,U 0.35 SHGC 0.35 Dbl LoE (e2-.1) Tint 6mm/13mm Air,NonSwinging,Nonresidential,Glass with Curb,Nonresidential,Typical Interior Window,Typical Interior Window,Typical Interior Window,Typical Interior Window,Typical Interior Door,,,,Typical Interior Partition
NECB 2011,StripMall,,No,Mass,Nonresidential,Mass,Nonresidential,Metal Building,Nonresidential,Typical Interior Wall,Typical Interior Floor,Typical Interior Ceiling,Mass,Nonresidential,Unheated,Nonresidential,Mass,Nonresidential,Metal framing (all other),Nonresidential,Metal framing (all other),Nonresidential,Swinging,Nonresidential,U 0.35 SHGC 0.35 Dbl LoE (e2-.1) Tint 6mm/13mm Air,NonSwinging,Nonresidential,Glass with Curb,Nonresidential,Typical Interior Window,Typical Interior Window,Typical Interior Window,Typical Interior Window,Typical Interior Door,,,,Typical Interior Partition
NECB 2011,SuperMarket,,No,Mass,Nonresidential,Mass,Nonresidential,Metal Building,Nonresidential,Typical Interior Wall,Typical Interior Floor,Typical Interior Ceiling,Mass,Nonresidential,Unheated,Nonresidential,Mass,Nonresidential,Metal framing (all other),Nonresidential,Metal framing (all other),Nonresidential,Swinging,Nonresidential,U 0.35 SHGC 0.35 Dbl LoE (e2-.1) Tint 6mm/13mm Air,NonSwinging,Nonresidential,Glass with Curb,Nonresidential,Typical Interior Window,Typical Interior Window,Typical Interior Window,Typical Interior Window,Typical Interior Door,,,,Typical Interior Partition
NECB 2011,Warehouse,,No,Mass,Nonresidential,Mass,Nonresidential,Metal Building,Nonresidential,Typical Interior Wall,Typical Interior Floor,Typical Interior Ceiling,Mass,Nonresidential,Unheated,Nonresidential,Mass,Nonresidential,Metal framing (all other),Nonresidential,Metal framing (all other),Nonresidential,Swinging,Nonresidential,U 0.35 SHGC 0.35 Dbl LoE (e2-.1) Tint 6mm/13mm Air,NonSwinging,Nonresidential,Glass with Curb,Nonresidential,Typical Interior Window,Typical Interior Window,Typical Interior Window,Typical Interior Window,Typical Interior Door,,,,Typical Interior Partition
NECB 2011,SmallOffice,,No,Mass,Nonresidential,Mass,Nonresidential,Metal Building,Nonresidential,Typical Interior Wall,Typical Interior Floor,Typical Interior Ceiling,Mass,Nonresidential,Unheated,Nonresidential,Mass,Nonresidential,Metal framing (all other),Nonresidential,Metal framing (all other),Nonresidential,Swinging,Nonresidential,U 0.35 SHGC 0.35 Dbl LoE (e2-.1) Tint 6mm/13mm Air,NonSwinging,Nonresidential,Glass with Curb,Nonresidential,Typical Interior Window,Typical Interior Window,Typical Interior Window,Typical Interior Window,Typical Interior Door,,,,Typical Interior Partition
NECB 2011,MediumOffice,,No,Mass,Nonresidential,Mass,Nonresidential,Metal Building,Nonresidential,Typical Interior Wall,Typical Interior Floor,Typical Interior Ceiling,Mass,Nonresidential,Unheated,Nonresidential,Mass,Nonresidential,Metal framing (all other),Nonresidential,Metal framing (all other),Nonresidential,Swinging,Nonresidential,U 0.35 SHGC 0.35 Dbl LoE (e2-.1) Tint 6mm/13mm Air,NonSwinging,Nonresidential,Glass with Curb,Nonresidential,Typical Interior Window,Typical Interior Window,Typical Interior Window,Typical Interior Window,Typical Interior Door,,,,Typical Interior Partition
NECB 2011,RetailStandalone,,No,Mass,Nonresidential,Mass,Nonresidential,Metal Building,Nonresidential,Typical Interior Wall,Typical Interior Floor,Typical Interior Ceiling,Mass,Nonresidential,Unheated,Nonresidential,Mass,Nonresidential,Metal framing (all other),Nonresidential,Metal framing (all other),Nonresidential,Swinging,Nonresidential,U 0.35 SHGC 0.35 Dbl LoE (e2-.1) Tint 6mm/13mm Air,NonSwinging,Nonresidential,Glass with Curb,Nonresidential,Typical Interior Window,Typical Interior Window,Typical Interior Window,Typical Interior Window,Typical Interior Door,,,,Typical Interior Partition
NECB 2011,RetailStripmall,,No,Mass,Nonresidential,Mass,Nonresidential,Metal Building,Nonresidential,Typical Interior Wall,Typical Interior Floor,Typical Interior Ceiling,Mass,Nonresidential,Unheated,Nonresidential,Mass,Nonresidential,Metal framing (all other),Nonresidential,Metal framing (all other),Nonresidential,Swinging,Nonresidential,U 0.35 SHGC 0.35 Dbl LoE (e2-.1) Tint 6mm/13mm Air,NonSwinging,Nonresidential,Glass with Curb,Nonresidential,Typical Interior Window,Typical Interior Window,Typical Interior Window,Typical Interior Window,Typical Interior Door,,,,Typical Interior Partition
ICC IECC 2015,MidriseApartment,,Yes,SteelFramed,Residential,Mass,Residential,IEAD,Residential,Typical Interior Wall,Typical Interior Floor,Typical Interior Ceiling,Mass,Residential,Unheated,Residential,,Residential,Metal framing (all other),Residential,Metal framing (all other),Residential,Swinging,Residential,,NonSwinging,Residential,Glass with Curb,Residential,Typical Interior Window,Typical Interior Window,Typical Interior Window,Typical Interior Window,Typical Interior Door,,,,Typical Interior Partition